[  
  {
    "id": 0,
    "texte": "Maison de plain-pied avec combles perdus",
    "value": 0,
    "idHelp": 0,
    "image": ".\\data\\MI\\01\\vue_a.png",
    "bbclic_interne": {
      "plancher_bas": true,
      "plancher_intermediaire": false,
      "plancher_haut": false,
      "comble": true,
      "toiture_terrasse": false
    },
    "systeme": true,
    "systemFiles": [
      {
        "id": 0,
        "nom": "1- Chaudière gaz (chauffage) et ballon thermodynamique (ECS)",
        "chauffage": "",
        "ECS": "",
        "ventilation": "",
        "fichier": "01\\RSET_1N_GAZ-TAE.xml"
      },
      {
        "id": 1,
        "nom": "2- Générateur hybride : PAC air/eau avec appoint par chaudière gaz (chauffage + ECS)",
        "chauffage": "",
        "ECS": "",
        "ventilation": "",
        "fichier": "01\\RSET_1N_HYBRIDE.xml"
      },
      {
        "id": 2,
        "nom": "3- PAC air/air réversible (chauffage + refroidissement) et ballon thermodynamique (ECS)",
        "chauffage": "",
        "ECS": "",
        "ventilation": "",
        "fichier": "01\\RSET_1N_PAAG-rev-TAE.xml"
      },
      {
        "id": 3,
        "nom": "4- PAC air/air (chauffage) et ballon thermodynamique (ECS)",
        "chauffage": "",
        "ECS": "",
        "ventilation": "",
        "fichier": "01\\RSET_1N_PAAG-TAE.xml"
      },
      {
        "id": 4,
        "nom": "5- PAC air/air (chauffage), ballon thermodynamique (ECS) et brasseur d’air (rafraîchissement)",
        "chauffage": "",
        "ECS": "",
        "ventilation": "",
        "fichier": "01\\RSET_1N_PAAG-TAE-brasseur.xml"
      },
      {
        "id": 5,
        "nom": "6- PAC air/eau double service (chauffage + ECS)",
        "chauffage": "",
        "ECS": "",
        "ventilation": "",
        "fichier": "01\\RSET_1N_PAO-DS.xml"
      },
      {
        "id": 6,
        "nom": "7- Poêle à granulés et panneaux rayonnants électriques (chauffage) + ballon thermodynamique (ECS)",
        "chauffage": "",
        "ECS": "",
        "ventilation": "",
        "fichier": "01\\RSET_1N_POG-PR-TAE.xml"
      },
      {
        "id": 7,
        "nom": "8- PAC air/air split et panneaux rayonnants électriques (chauffage) + ballon thermodynamique (ECS)",
        "chauffage": "",
        "ECS": "",
        "ventilation": "",
        "fichier": "01\\RSET_1N_SPLIT-PR-TAE.xml"
      },
      {
        "id": 8,
        "nom": "9- PAC air/air split et panneaux rayonnants électriques (chauffage) + ballon thermodynamique (ECS) + Double Flux (Ventilation) + Panneaux photovoltaïques (production d’électricité en autoconsommation)",
        "chauffage": "",
        "ECS": "",
        "ventilation": "",
        "fichier": "01\\RSET_1N_SPLIT-PR-TAE-DF-PV.xml"
      }
    ],
    "donnees_technique": {
      "SHAB": 103.4,
      "hauteur_plancher/exterieure": 0.20,
      "hauteur_plancherVS/exterieure": 0.40,
      "perimetreVS": 46.64,
      "surfaceVS": 123.70,
      "epaisseurVoile": 0.35,
      "longueurRefendVS": 11.75,
      "aireVentilationVS": 0.063,
      "vitesseVentilationVs": 4.00
    },
    "donnees_Env": {
      "ice_batiment": 160.00
    },
    "bbclic_paroi":[{"index":1, "valeur":1},{"index":2, "valeur":0},{"index":3, "valeur":2},{"index":4, "valeur":0},{"index":5, "valeur":0},{"index":6, "valeur":2},{"index":7, "valeur":0},{"index":8, "valeur":2},{"index":9, "valeur":3},{"index":10, "valeur":4}],
    "bbclic_lineique":[{"index":1, "valeur":0},{"index":2, "valeur":1},{"index":3, "valeur":1},{"index":4, "valeur":0},{"index":5, "valeur":2}],
    "bbclic_baie":[{"index":1, "valeur":0},{"index":2, "valeur":3},{"index":3, "valeur":4},{"index":4, "valeur":2},{"index":5, "valeur":2},{"index":6, "valeur":1},{"index":7, "valeur":2},{"index":8, "valeur":2}]
    
  },
  {
    "id": 1,
    "texte": "Maison avec combles aménagés (à venir)",
    "value": 0,
    "idHelp": 0,
    "image": ".\\data\\MI\\02\\00.png",
    "bbclic_interne": {
      "plancher_bas": true,
      "plancher_intermediaire": false,
      "plancher_haut": false,
      "comble": true,
      "toiture_terrasse": false
    },
    "systeme": false,
    "systemFiles": [
      {
        "id": 0,
        "nom": "1- Chaudière gaz (chauffage) et ballon thermodynamique (ECS)",
        "chauffage": "",
        "ECS": "",
        "ventilation": "",
        "fichier": "RSET_1N_GAZ-TAE.xml"
      },
      {
        "id": 1,
        "nom": "2- Générateur hybride : PAC air/eau avec appoint par chaudière gaz (chauffage + ECS)",
        "chauffage": "",
        "ECS": "",
        "ventilation": "",
        "fichier": "RSET_1N_HYBRIDE.xml"
      },
      {
        "id": 2,
        "nom": "3- PAC air/air réversible (chauffage + refroidissement) et ballon thermodynamique (ECS)",
        "chauffage": "",
        "ECS": "",
        "ventilation": "",
        "fichier": "RSET_1N_PAAG_rev-TAE.xml"
      },
      {
        "id": 3,
        "nom": "4- PAC air/air (chauffage) et ballon thermodynamique (ECS)",
        "chauffage": "",
        "ECS": "",
        "ventilation": "",
        "fichier": "RSET_1N_PAAG-TAE.xml"
      },
      {
        "id": 4,
        "nom": "5- PAC air/air (chauffage), ballon thermodynamique (ECS) et brasseur d’air (rafraîchissement)",
        "chauffage": "",
        "ECS": "",
        "ventilation": "",
        "fichier": "RSET_1N_PAAG-TAE-brasseur.xml"
      },
      {
        "id": 5,
        "nom": "6- PAC air/eau double service (chauffage + ECS)",
        "chauffage": "",
        "ECS": "",
        "ventilation": "",
        "fichier": "RSET_1N_PAO-DS.xml"
      },
      {
        "id": 6,
        "nom": "7- Poêle à granulés et panneaux rayonnants électriques (chauffage) + ballon thermodynamique (ECS)",
        "chauffage": "",
        "ECS": "",
        "ventilation": "",
        "fichier": "RSET_1N_POG-PR-TAE.xml"
      },
      {
        "id": 7,
        "nom": "8- PAC air/air split et panneaux rayonnants électriques (chauffage) + ballon thermodynamique (ECS)",
        "chauffage": "",
        "ECS": "",
        "ventilation": "",
        "fichier": "RSET_1N_SPLIT-PR-TAE.xml"
      },
      {
        "id": 8,
        "nom": "9- PAC air/air split et panneaux rayonnants électriques (chauffage) + ballon thermodynamique (ECS) + Double Flux (Ventilation) + Panneaux photovoltaïques (production d’électricité en autoconsommation)",
        "chauffage": "",
        "ECS": "",
        "ventilation": "",
        "fichier": "RSET_1N_SPLIT-PR-TAE-DF-PV.xml"
      }
    ],
    "donnees_technique": {
      "SHAB": 103.4,
      "hauteur_plancher/exterieure": 0.20,
      "hauteur_plancherVS/exterieure": 0.40,
      "perimetreVS": 46.64,
      "surfaceVS": 123.70,
      "epaisseurVoile": 0.35,
      "longueurRefendVS": 11.75,
      "aireVentilationVS": 0.063,
      "vitesseVentilationVs": 4.00
    },
    "donnees_Env": {"ice_batiment": 160.00},
    "bbclic_paroi":[{"index":1, "valeur":1},{"index":2, "valeur":0},{"index":3, "valeur":2},{"index":4, "valeur":0},{"index":5, "valeur":0},{"index":6, "valeur":2},{"index":7, "valeur":0},{"index":8, "valeur":2},{"index":9, "valeur":3},{"index":10, "valeur":4}],
    "bbclic_lineique":[{"index":1, "valeur":0},{"index":2, "valeur":1},{"index":3, "valeur":1},{"index":4, "valeur":0},{"index":5, "valeur":2}],
    "bbclic_baie":[{"index":1, "valeur":0},{"index":2, "valeur":3},{"index":3, "valeur":4},{"index":4, "valeur":2},{"index":5, "valeur":2},{"index":6, "valeur":1},{"index":7, "valeur":2},{"index":8, "valeur":2}]
  },
  {
    "id": 2,
    "texte": "Maison R+1 avec combles perdus",
    "value": 0,
    "idHelp": 0,
    "image": ".\\data\\MI\\03\\00.png",
    "bbclic_interne": {
      "plancher_bas": true,
      "plancher_intermediaire": false,
      "plancher_haut": false,
      "comble": true,
      "toiture_terrasse": false
    },
    "systeme": true,
    "systemFiles": [
      {
        "id": 0,
        "nom": "1- Chaudière gaz (chauffage) et ballon thermodynamique (ECS)",
        "chauffage": "",
        "ECS": "",
        "ventilation": "",
        "fichier": "03\\RSET_R1_GAZ-TAE.xml"
      },
      {
        "id": 1,
        "nom": "2- Générateur hybride : PAC air/eau avec appoint par chaudière gaz (chauffage + ECS)",
        "chauffage": "",
        "ECS": "",
        "ventilation": "",
        "fichier": "03\\RSET_R1_HYBRIDE.xml"
      },
      {
        "id": 2,
        "nom": "3- PAC air/air réversible (chauffage + refroidissement) et ballon thermodynamique (ECS)",
        "chauffage": "",
        "ECS": "",
        "ventilation": "",
        "fichier": "03\\RSET_R1_PAAG-rev-TAE.xml"
      },
      {
        "id": 3,
        "nom": "4- PAC air/air (chauffage) et ballon thermodynamique (ECS)",
        "chauffage": "",
        "ECS": "",
        "ventilation": "",
        "fichier": "03\\RSET_R1_PAAG-TAE.xml"
      },
      {
        "id": 4,
        "nom": "5- PAC air/air (chauffage), ballon thermodynamique (ECS) et brasseur d’air (rafraîchissement)",
        "chauffage": "",
        "ECS": "",
        "ventilation": "",
        "fichier": "03\\RSET_R1_PAAG-TAE-brasseur.xml"
      },
      {
        "id": 5,
        "nom": "6- PAC air/eau double service (chauffage + ECS)",
        "chauffage": "",
        "ECS": "",
        "ventilation": "",
        "fichier": "03\\RSET_R1_PAO-DS.xml"
      },
      {
        "id": 6,
        "nom": "7- Poêle à granulés et panneaux rayonnants électriques (chauffage) + ballon thermodynamique (ECS)",
        "chauffage": "",
        "ECS": "",
        "ventilation": "",
        "fichier": "03\\RSET_R1_POG-PR-TAE.xml"
      },
      {
        "id": 7,
        "nom": "8- PAC air/air split et panneaux rayonnants électriques (chauffage) + ballon thermodynamique (ECS)",
        "chauffage": "",
        "ECS": "",
        "ventilation": "",
        "fichier": "03\\RSET_R1_SPLIT-PR-TAE.xml"
      },
      {
        "id": 8,
        "nom": "9- PAC air/air split et panneaux rayonnants électriques (chauffage) + ballon thermodynamique (ECS) + Double Flux (Ventilation) + Panneaux photovoltaïques (production d’électricité en autoconsommation)",
        "chauffage": "",
        "ECS": "",
        "ventilation": "",
        "fichier": "03\\RSET_R1_SPLIT-PR-TAE-DF-PV.xml"
      }
    ],
    "donnees_technique": {
      "SHAB": 103.4,
      "hauteur_plancher/exterieure": 0.20,
      "hauteur_plancherVS/exterieure": 0.40,
      "perimetreVS": 46.64,
      "surfaceVS": 123.70,
      "epaisseurVoile": 0.35,
      "longueurRefendVS": 11.75,
      "aireVentilationVS": 0.063,
      "vitesseVentilationVs": 4.00
    },
    "donnees_Env": {
      "ice_batiment": 160.00
    },
    "bbclic_paroi":[{"index":1, "valeur":1},{"index":2, "valeur":0},{"index":3, "valeur":2},{"index":4, "valeur":0},{"index":5, "valeur":0},{"index":6, "valeur":2},{"index":7, "valeur":0},{"index":8, "valeur":3},{"index":9, "valeur":4}],
    "bbclic_lineique":[{"index":1, "valeur":0},{"index":2, "valeur":6},{"index":3, "valeur":1},{"index":4, "valeur":1},{"index":5, "valeur":7},{"index":6, "valeur":2},{"index":7, "valeur":8},{"index":8, "valeur":9},{"index":9, "valeur":4}],
    "bbclic_baie":[{"index":1, "valeur":1},{"index":2, "valeur":2},{"index":3, "valeur":4},{"index":4, "valeur":2},{"index":5, "valeur":2},{"index":6, "valeur":3},{"index":7, "valeur":0},{"index":8, "valeur":2},{"index":9, "valeur":2}]
  },
  {
    "id": 3,
    "texte": "Maison R+1 avec toit terrasse (à venir)",
    "value": 0,
    "idHelp": 0,
    "image": ".\\data\\MI\\04\\00.png",
    "bbclic_interne": {
      "plancher_bas": true,
      "plancher_intermediaire": false,
      "plancher_haut": false,
      "comble": true,
      "toiture_terrasse": false
    },
    "systeme": false,
    "systemFiles": [
      {
        "id": 0,
        "nom": "1- Chaudière gaz (chauffage) et ballon thermodynamique (ECS)",
        "chauffage": "",
        "ECS": "",
        "ventilation": "",
        "fichier": "RSET_1N_GAZ-TAE.xml"
      },
      {
        "id": 1,
        "nom": "2- Générateur hybride : PAC air/eau avec appoint par chaudière gaz (chauffage + ECS)",
        "chauffage": "",
        "ECS": "",
        "ventilation": "",
        "fichier": "RSET_1N_HYBRIDE.xml"
      },
      {
        "id": 2,
        "nom": "3- PAC air/air réversible (chauffage + refroidissement) et ballon thermodynamique (ECS)",
        "chauffage": "",
        "ECS": "",
        "ventilation": "",
        "fichier": "RSET_1N_PAAG_rev-TAE.xml"
      },
      {
        "id": 3,
        "nom": "4- PAC air/air (chauffage) et ballon thermodynamique (ECS)",
        "chauffage": "",
        "ECS": "",
        "ventilation": "",
        "fichier": "RSET_1N_PAAG-TAE.xml"
      },
      {
        "id": 4,
        "nom": "5- PAC air/air (chauffage), ballon thermodynamique (ECS) et brasseur d’air (rafraîchissement)",
        "chauffage": "",
        "ECS": "",
        "ventilation": "",
        "fichier": "RSET_1N_PAAG-TAE-brasseur.xml"
      },
      {
        "id": 5,
        "nom": "6- PAC air/eau double service (chauffage + ECS)",
        "chauffage": "",
        "ECS": "",
        "ventilation": "",
        "fichier": "RSET_1N_PAO-DS.xml"
      },
      {
        "id": 6,
        "nom": "7- Poêle à granulés et panneaux rayonnants électriques (chauffage) + ballon thermodynamique (ECS)",
        "chauffage": "",
        "ECS": "",
        "ventilation": "",
        "fichier": "RSET_1N_POG-PR-TAE.xml"
      },
      {
        "id": 7,
        "nom": "8- PAC air/air split et panneaux rayonnants électriques (chauffage) + ballon thermodynamique (ECS)",
        "chauffage": "",
        "ECS": "",
        "ventilation": "",
        "fichier": "RSET_1N_SPLIT-PR-TAE.xml"
      },
      {
        "id": 8,
        "nom": "9- PAC air/air split et panneaux rayonnants électriques (chauffage) + ballon thermodynamique (ECS) + Double Flux (Ventilation) + Panneaux photovoltaïques (production d’électricité en autoconsommation)",
        "chauffage": "",
        "ECS": "",
        "ventilation": "",
        "fichier": "RSET_1N_SPLIT-PR-TAE-DF-PV.xml"
      }
    ],
    "donnees_technique": {
      "SHAB": 103.4,
      "hauteur_plancher/exterieure": 0.20,
      "hauteur_plancherVS/exterieure": 0.40,
      "perimetreVS": 46.64,
      "surfaceVS": 123.70,
      "epaisseurVoile": 0.35,
      "longueurRefendVS": 11.75,
      "aireVentilationVS": 0.063,
      "vitesseVentilationVs": 4.00
    },
    "donnees_Env": {
      "ice_batiment": 160.00
    },
    "bbclic_paroi":[{"index":1, "valeur":1},{"index":2, "valeur":0},{"index":3, "valeur":2},{"index":4, "valeur":0},{"index":5, "valeur":0},{"index":6, "valeur":2},{"index":7, "valeur":0},{"index":8, "valeur":2},{"index":9, "valeur":3},{"index":10, "valeur":4}],
    "bbclic_lineique":[{"index":1, "valeur":0},{"index":2, "valeur":1},{"index":3, "valeur":1},{"index":4, "valeur":0},{"index":5, "valeur":2}],
    "bbclic_baie":[{"index":1, "valeur":0},{"index":2, "valeur":3},{"index":3, "valeur":4},{"index":4, "valeur":2},{"index":5, "valeur":2},{"index":6, "valeur":1},{"index":7, "valeur":2},{"index":8, "valeur":2}]
  },
  {
    "id": 4,
    "texte": "Logement collectif (à venir)",
    "value": 0,
    "idHelp": 0,
    "image": ".\\data\\MI\\05\\00.png",
    "bbclic_interne": {
      "plancher_bas": true,
      "plancher_intermediaire": false,
      "plancher_haut": false,
      "comble": true,
      "toiture_terrasse": false
    },
    "systeme": false,
    "systemFiles": [
      {
        "id": 0,
        "nom": "1- Chaudière gaz (chauffage) et ballon thermodynamique (ECS)",
        "chauffage": "",
        "ECS": "",
        "ventilation": "",
        "fichier": "RSET_1N_GAZ-TAE.xml"
      },
      {
        "id": 1,
        "nom": "2- Générateur hybride : PAC air/eau avec appoint par chaudière gaz (chauffage + ECS)",
        "chauffage": "",
        "ECS": "",
        "ventilation": "",
        "fichier": "RSET_1N_HYBRIDE.xml"
      },
      {
        "id": 2,
        "nom": "3- PAC air/air réversible (chauffage + refroidissement) et ballon thermodynamique (ECS)",
        "chauffage": "",
        "ECS": "",
        "ventilation": "",
        "fichier": "RSET_1N_PAAG_rev-TAE.xml"
      },
      {
        "id": 3,
        "nom": "4- PAC air/air (chauffage) et ballon thermodynamique (ECS)",
        "chauffage": "",
        "ECS": "",
        "ventilation": "",
        "fichier": "RSET_1N_PAAG-TAE.xml"
      },
      {
        "id": 4,
        "nom": "5- PAC air/air (chauffage), ballon thermodynamique (ECS) et brasseur d’air (rafraîchissement)",
        "chauffage": "",
        "ECS": "",
        "ventilation": "",
        "fichier": "RSET_1N_PAAG-TAE-brasseur.xml"
      },
      {
        "id": 5,
        "nom": "6- PAC air/eau double service (chauffage + ECS)",
        "chauffage": "",
        "ECS": "",
        "ventilation": "",
        "fichier": "RSET_1N_PAO-DS.xml"
      },
      {
        "id": 6,
        "nom": "7- Poêle à granulés et panneaux rayonnants électriques (chauffage) + ballon thermodynamique (ECS)",
        "chauffage": "",
        "ECS": "",
        "ventilation": "",
        "fichier": "RSET_1N_POG-PR-TAE.xml"
      },
      {
        "id": 7,
        "nom": "8- PAC air/air split et panneaux rayonnants électriques (chauffage) + ballon thermodynamique (ECS)",
        "chauffage": "",
        "ECS": "",
        "ventilation": "",
        "fichier": "RSET_1N_SPLIT-PR-TAE.xml"
      },
      {
        "id": 8,
        "nom": "9- PAC air/air split et panneaux rayonnants électriques (chauffage) + ballon thermodynamique (ECS) + Double Flux (Ventilation) + Panneaux photovoltaïques (production d’électricité en autoconsommation)",
        "chauffage": "",
        "ECS": "",
        "ventilation": "",
        "fichier": "RSET_1N_SPLIT-PR-TAE-DF-PV.xml"
      }
    ],
    "donnees_technique": {
      "SHAB": 103.4,
      "hauteur_plancher/exterieure": 0.20,
      "hauteur_plancherVS/exterieure": 0.40,
      "perimetreVS": 46.64,
      "surfaceVS": 123.70,
      "epaisseurVoile": 0.35,
      "longueurRefendVS": 11.75,
      "aireVentilationVS": 0.063,
      "vitesseVentilationVs": 4.00
    },
    "donnees_Env": {
      "ice_batiment": 160.00
    },
    "bbclic_paroi":[{"index":1, "valeur":1},{"index":2, "valeur":0},{"index":3, "valeur":2},{"index":4, "valeur":0},{"index":5, "valeur":0},{"index":6, "valeur":2},{"index":7, "valeur":0},{"index":8, "valeur":2},{"index":9, "valeur":3},{"index":10, "valeur":4}],
    "bbclic_lineique":[{"index":1, "valeur":0},{"index":2, "valeur":1},{"index":3, "valeur":1},{"index":4, "valeur":0},{"index":5, "valeur":2}],
    "bbclic_baie":[{"index":1, "valeur":0},{"index":2, "valeur":3},{"index":3, "valeur":4},{"index":4, "valeur":2},{"index":5, "valeur":2},{"index":6, "valeur":1},{"index":7, "valeur":2},{"index":8, "valeur":2}]
  }
]