[
  {
    "id": 0,
    "texte": "Maison de plain-pied avec combles perdus",
    "value": 0,
    "idHelp": 0,
    "image" : ".\\data\\MI\\01\\vue_a.png",
    "plancher_bas": true,
    "plancher_intermediaire": false,
    "plancher_haut": false,
    "comble" : true,
    "toiture_terrasse": false,
    "systeme" : true,
    "SHAB": 103.4,
    "hauteur_plancher/exterieure" : 0.20,
    "hauteur_plancherVS/exterieure" : 0.40,
    "perimetreVS" : 46.64,
    "surfaceVS": 123.70,
    "epaisseurVoile": 0.35,
    "longueurRefendVS": 11.75,
    "aireVentilationVS": 0.063,
    "vitesseVentilationVs": 4.00,
    "ice_batiment": 160.00
  },
  {
    "id": 1,
    "texte": "Maison avec combles aménagés (à venir)",
    "value": 0,
    "idHelp": 0,
    "image" : ".\\data\\MI\\02\\00.png",
    "plancher_bas": true,
    "plancher_intermediaire": true,
    "plancher_haut": false,
    "comble": true,
    "toiture_terrasse": false,
    "systeme" : false,
    "SHAB": 103.4,
    "hauteur_plancher/exterieure" : 0.20,
    "hauteur_plancherVS/exterieure" : 0.40,
    "perimetreVS" : 46.64,
    "surfaceVS": 123.70,
    "epaisseurVoile": 0.35,
    "longueurRefendVS": 11.75,
    "aireVentilationVS": 0.063,
    "vitesseVentilationVs": 4.00,
    "ice_batiment": 160.00
  },
  {
    "id": 2,
    "texte": "Maison R+1 avec combles perdus (à venir)",
    "value": 0,
    "idHelp": 0,
    "image" : ".\\data\\MI\\03\\00.png",
    "plancher_bas": true,
    "plancher_intermediaire": true,
    "plancher_haut": true,
    "comble": true,
    "toiture_terrasse": false,
    "systeme" : false,
    "SHAB": 103.4,
    "hauteur_plancher/exterieure" : 0.20,
    "hauteur_plancherVS/exterieure" : 0.40,
    "perimetreVS" : 46.64,
    "surfaceVS": 123.70,
    "epaisseurVoile": 0.35,
    "longueurRefendVS": 11.75,
    "aireVentilationVS": 0.063,
    "vitesseVentilationVs": 4.00,
    "ice_batiment": 160.00
  },
  {
    "id": 3,
    "texte": "Maison R+1 avec toit terrasse (à venir)",
    "value": 0,
    "idHelp": 0,
    "image" : ".\\data\\MI\\04\\00.png",
    "plancher_bas": true,
    "plancher_intermediaire": true,
    "plancher_haut": true,
    "toiture_terrasse": true,
    "systeme" : false,
    "SHAB": 103.4,
    "hauteur_plancher/exterieure" : 0.20,
    "hauteur_plancherVS/exterieure" : 0.40,
    "perimetreVS" : 46.64,
    "surfaceVS": 123.70,
    "epaisseurVoile": 0.35,
    "longueurRefendVS": 11.75,
    "aireVentilationVS": 0.063,
    "vitesseVentilationVs": 4.00,
    "ice_batiment": 160.00
  },
  {
    "id": 4,
    "texte": "Logement collectif (à venir)",
    "value": 0,
    "idHelp": 0,
    "image" : ".\\data\\MI\\05\\00.png",
    "plancher_bas": true,
    "plancher_intermediaire": true,
    "plancher_haut": true,
    "toiture_terrasse": true,
    "systeme" : false,
    "SHAB": 103.4,
    "hauteur_plancher/exterieure" : 0.20,
    "hauteur_plancherVS/exterieure" : 0.40,
    "perimetreVS" : 46.64,
    "surfaceVS": 123.70,
    "epaisseurVoile": 0.35,
    "longueurRefendVS": 11.75,
    "aireVentilationVS": 0.063,
    "vitesseVentilationVs": 4.00,
    "ice_batiment": 320.00
  }
]
