<root>
	<groupe>
		<name>O_Bbio_pts_annuel</name>
		<localisation>/Sortie_Projet/Sortie_Batiment_B_Collection/Sortie_Batiment_B</localisation>
	</groupe>
	<groupe>
		<name>O_Bbio_Max</name>
		<localisation>/Sortie_Projet/Sortie_Batiment_B_Collection/Sortie_Batiment_B</localisation>
	</groupe>
	<groupe>
		<name>O_Cep_annuel</name>
		<localisation>/Sortie_Projet/Sortie_Batiment_C_Collection/Sortie_Batiment_C</localisation>
	</groupe>
	<groupe>
		<name>O_Cep_Max</name>
		<localisation>/Sortie_Projet/Sortie_Batiment_C_Collection/Sortie_Batiment_C</localisation>
	</groupe>
	<groupe>
		<name>O_Cep_nr_annuel</name>
		<localisation>/Sortie_Projet/Sortie_Batiment_C_Collection/Sortie_Batiment_C</localisation>
	</groupe>
	<groupe>
		<name>O_Cep_nr_Max</name>
		<localisation>/Sortie_Projet/Sortie_Batiment_C_Collection/Sortie_Batiment_C</localisation>
	</groupe>
	<groupe>
		<name>O_NbDegresHeures</name>
		<localisation>/Sortie_Projet/Sortie_Batiment_D_Collection/Sortie_Batiment_D/Sortie_Zone_D_Collection/Sortie_Zone_D/Sortie_Groupe_D_Collection/Sortie_Groupe_D</localisation>
	</groupe>
	<groupe>
		<name>O_NbDegresHeures_max</name>
		<localisation>/Sortie_Projet/Sortie_Batiment_D_Collection/Sortie_Batiment_D/Sortie_Zone_D_Collection/Sortie_Zone_D/Sortie_Groupe_D_Collection/Sortie_Groupe_D</localisation>
	</groupe>
</root>