[{
	"id": "helpIM0",
	"description" : "choix MI plain-pied",
	"adresse":"./help/help_001.html"
},
{
	"id": "pictureBox34",
	"description" : "Choix systeme chauffage ECS",
	"adresse":"./help/help_002.html"
},
{
	"id": "pictureBox3",
	"description" : "Zone climatique",
	"adresse":"./help/help_003.html"
},
{
	"id": "pictureBox4",
	"description" : "Altitude",
	"adresse":"./help/help_004.html"
},
{
	"id": "pictureBox6",
	"description" : "Zone de bruit",
	"adresse":"./help/help_005.html"
},
{
	"id": "pictureBox5",
	"description" : "Orientation",
	"adresse":"./help/help_006.html"
},
{
	"id": "pictureBox10",
	"description" : "Parois - choix structure",
	"adresse":"./help/help_007.html"
},
{
	"id": "pictureBox11",
	"description" : "Parois - choix type isolant",
	"adresse":"./help/help_008.html"
},
{
	"id": "pictureBox12",
	"description" : "Parois - epaisseur isolant",
	"adresse":"./help/help_009.html"
},
{
	"id": "pictureBox13",
	"description" : "Parois - couleur facade",
	"adresse":"./help/help_010.html"
},
{
	"id": "pictureBox14",
	"description" : "Parois R maçonnerie",
	"adresse":"./help/help_011.html"
},
{
	"id": "pictureBox15",
	"description" : "Parois R isolation thermique",
	"adresse":"./help/help_012.html"
},
{
	"id": "pictureBox16",
	"description" : "Parois - Coefficient absorption",
	"adresse":"./help/help_013.html"
},
{
	"id": "pictureBox41",
	"description" : "Soubassement structure",
	"adresse":"./help/help_014.html"
},
{
	"id": "pictureBox31",
	"description" : "soubassement - isolation 2 faces",
	"adresse":"./help/help_015.html"
},
{
	"id": "pictureBox24",
	"description" : "soubassement R maçonnerie",
	"adresse":"./help/help_016.html"
},
{
	"id": "pictureBox42",
	"description" : "soubassement psi plancher refend",
	"adresse":"./help/help_017.html"
},
{
	"id": "pictureBox45",
	"description" : "Performances menuiseries",
	"adresse":"./help/help_018.html"
},
{
	"id": "pictureBox36",
	"description" : "type protection mobile",
	"adresse":"./help/help_019.html"
},
{
	"id": "pictureBox37",
	"description" : "permeabilite protection solaire",
	"adresse":"./help/help_020.html"
},
{
	"id": "pictureBox38",
	"description" : "horloge protection solaire",
	"adresse":"./help/help_021.html"
},
{
	"id": "pictureBox39",
	"description" : "U coffret VR",
	"adresse":"./help/help_022.html"
},
{
	"id": "pictureBox20",
	"description" : "type de plancher bas",
	"adresse":"./help/help_023.html"
},
{
	"id": "pictureBox21",
	"description" : "complement sur plancher bas",
	"adresse":"./help/help_024.html"
},
{
	"id": "pictureBox22",
	"description" : "revetement de sol plancher bas",
	"adresse":"./help/help_025.html"
},
{
	"id": "pictureBox23",
	"description" : "jonction plancher bas facade",
	"adresse":"./help/help_026.html"
},
{
	"id": "pictureBox29",
	"description" : "Up plancher bas",
	"adresse":"./help/help_027.html"
},
{
	"id": "pictureBox30",
	"description" : "psi moyen plancher bas facade",
	"adresse":"./help/help_028.html"
},
{
	"id": "pictureBox2",
	"description" : "Type isolation comble",
	"adresse":"./help/help_029.html"
},
{
	"id": "pictureBox17",
	"description" : "Resistance thermique isolation",
	"adresse":"./help/help_030.html"
},
{
	"id": "pictureBox18",
	"description" : "R isolation comble",
	"adresse":"./help/help_031.html"
},
{
	"id": "pictureBox19",
	"description" : "Psi moyen plancher haut facade",
	"adresse":"./help/help_032.html"
},
{
	"id": "pictureBox43",
	"description" : "permeabilite a l'air",
	"adresse":"./help/help_033.html"
},
{
	"id": "pictureBox44",
	"description" : "type de cloisons interieures",
	"adresse":"./help/help_034.html"
},
{
	"id": "tableau_40",
	"description" : "BBio",
	"adresse":"./help/help_035.html"
},
{
	"id": "tableau_41",
	"description" : "Cep",
	"adresse":"./help/help_036.html"
},
{
	"id": "tableau_42",
	"description" : "Cep nr",
	"adresse":"./help/help_037.html"
},
{
	"id": "tableau_44",
	"description" : "Ratio Moyen de pont thermique",
	"adresse":"./help/help_038.html"
},
{
	"id": "tableau_43",
	"description" : "DH",
	"adresse":"./help/help_039.html"
},
]