[{
	"id": "helpIM0",
	"description" : "choix MI plain-pied",
	"adresse":"./help/help_1110.html"
},
{
	"id": "helpIM1",
	"description" : "choix MI R+1 combles aménagés",
	"adresse":"./help/help_1120.html"
},
{
	"id": "helpIM2",
	"description" : "choix MI R+1 combles perdus",
	"adresse":"./help/help_1130.html"
},
{
	"id": "pictureBox34",
	"description" : "Choix systeme chauffage ECS",
	"adresse":"./help/help_1210.html"
},
{
	"id": "pictureBox3",
	"description" : "Zone climatique",
	"adresse":"./help/help_1310.html"
},
{
	"id": "pictureBox4",
	"description" : "Altitude",
	"adresse":"./help/help_1320.html"
},
{
	"id": "pictureBox6",
	"description" : "Zone de bruit",
	"adresse":"./help/help_1330.html"
},
{
	"id": "pictureBox5",
	"description" : "Orientation",
	"adresse":"./help/help_1340.html"
},
{
	"id": "pictureBox10",
	"description" : "Parois - choix structure",
	"adresse":"./help/help_2111.html"
},
{
	"id": "pictureBox11",
	"description" : "Parois - choix type isolant",
	"adresse":"./help/help_2112.html"
},
{
	"id": "pictureBox12",
	"description" : "Parois - epaisseur isolant",
	"adresse":"./help/help_2113.html"
},
{
	"id": "pictureBox13",
	"description" : "Parois - couleur facade",
	"adresse":"./help/help_2114.html"
},
{
	"id": "pictureBox14",
	"description" : "Parois R maçonnerie",
	"adresse":"./help/help_2121.html"
},
{
	"id": "pictureBox15",
	"description" : "Parois R isolation thermique",
	"adresse":"./help/help_2122.html"
},
{
	"id": "pictureBox16",
	"description" : "Parois - Coefficient absorption",
	"adresse":"./help/help_2123.html"
},
{
	"id": "pictureBox41",
	"description" : "Soubassement structure",
	"adresse":"./help/help_2211.html"
},
{
	"id": "pictureBox31",
	"description" : "soubassement - isolation 2 faces",
	"adresse":"./help/help_2212.html"
},
{
	"id": "pictureBox24",
	"description" : "soubassement R maçonnerie",
	"adresse":"./help/help_2221.html"
},
{
	"id": "pictureBox42",
	"description" : "soubassement psi plancher refend",
	"adresse":"./help/help_2222.html"
},
{
	"id": "pictureBox45",
	"description" : "Performances menuiseries",
	"adresse":"./help/help_3100.html"
},
{
	"id": "pictureBox36",
	"description" : "type protection mobile",
	"adresse":"./help/help_3310.html"
},
{
	"id": "pictureBox37",
	"description" : "permeabilite protection solaire",
	"adresse":"./help/help_3320.html"
},
{
	"id": "pictureBox38",
	"description" : "horloge protection solaire",
	"adresse":"./help/help_3400.html"
},
{
	"id": "pictureBox39",
	"description" : "U coffret VR",
	"adresse":"./help/help_3500.html"
},
{
	"id": "pictureBox20",
	"description" : "type de plancher bas",
	"adresse":"./help/help_4111.html"
},
{
	"id": "pictureBox21",
	"description" : "complement sur plancher bas",
	"adresse":"./help/help_4112.html"
},
{
	"id": "pictureBox22",
	"description" : "revetement de sol plancher bas",
	"adresse":"./help/help_4113.html"
},
{
	"id": "pictureBox23",
	"description" : "jonction plancher bas facade",
	"adresse":"./help/help_4114.html"
},
{
	"id": "pictureBox29",
	"description" : "Up plancher bas",
	"adresse":"./help/help_4121.html"
},
{
	"id": "pictureBox30",
	"description" : "psi moyen plancher bas facade",
	"adresse":"./help/help_4122.html"
},
{
	"id": "pictureBox2",
	"description" : "Type isolation comble",
	"adresse":"./help/help_5111.html"
},
{
	"id": "pictureBox17",
	"description" : "Resistance thermique isolation",
	"adresse":"./help/help_5112.html"
},
{
	"id": "pictureBox18",
	"description" : "R isolation comble",
	"adresse":"./help/help_5121.html"
},
{
	"id": "pictureBox19",
	"description" : "Psi moyen plancher haut facade",
	"adresse":"./help/help_5122.html"
},
{
	"id": "pictureBox43",
	"description" : "permeabilite a l'air",
	"adresse":"./help/help_6100.html"
},
{
	"id": "pictureBox44",
	"description" : "type de cloisons interieures",
	"adresse":"./help/help_6200.html"
},
{
	"id": "tableau_40",
	"description" : "BBio",
	"adresse":"./help/help_7110.html"
},
{
	"id": "tableau_41",
	"description" : "Cep",
	"adresse":"./help/help_7120.html"
},
{
	"id": "tableau_42",
	"description" : "Cep nr",
	"adresse":"./help/help_7130.html"
},
{
	"id": "tableau_44",
	"description" : "Ratio Moyen de pont thermique",
	"adresse":"./help/help_7150.html"
},
{
	"id": "tableau_45",
	"description" : "xx",
	"adresse":"./help/help_7160.html"
},
{
	"id": "tableau_46",
	"description" : "xx",
	"adresse":"./help/help_7170.html"
},
{
	"id": "tableau_47",
	"description" : "xx",
	"adresse":"./help/help_7180.html"
},
{
	"id": "tableau_43",
	"description" : "xx",
	"adresse":"./help/help_7140.html"
},
{
	"id": "pictureBox47",
	"description" : "xxx",
	"adresse":"./help/help_3220.html"
},
{
	"id": "pictureBox46",
	"description" : "xxx",
	"adresse":"./help/help_3310.html"
},
{
	"id": "pictureBox32",
	"description" : "xxx",
	"adresse":"./help/help_3320.html"
},
{
	"id": "pictureBox38",
	"description" : "xxx",
	"adresse":"./help/help_3320.html"
},
{
	"id": "pictureBox25",
	"description" : "xxx",
	"adresse":"./help/help_4211.html"
},
{
	"id": "pictureBox26",
	"description" : "xxx",
	"adresse":"./help/help_4212.html"
},
{
	"id": "pictureBox27",
	"description" : "xxx",
	"adresse":"./help/help_4213.html"
},
{
	"id": "pictureBox28",
	"description" : "xxx",
	"adresse":"./help/help_4214.html"
},
{
	"id": "pictureBox40",
	"description" : "xxx",
	"adresse":"./help/help_4215.html"
},
{
	"id": "pictureBox33",
	"description" : "xxx",
	"adresse":"./help/help_4221.html"
}
]