[
	{
		"MenuCombo": "listeZoneClimatique",
		"MenuJSON" : "jlst_departement",
		"DataJSON" : "listeValeurZoneClimatique"
	},
	{
		"MenuCombo": "comboBoxAltitude",
		"MenuJSON" : "jlst_altitude",
		"DataJSON" : "listeValeurAltitude"
	},
	{
		"MenuCombo": "listeZoneDeBruit",
		"MenuJSON" : "jlst_zonebruit",
		"DataJSON" : "listeValeurZoneBruit"
	},
	{
		"MenuCombo": "listeStructure",
		"MenuJSON" : "jlst_structure",
		"DataJSON" : "listeValeurStructure"
	},
	{
		"MenuCombo": "listeSoubassementStructure",
		"MenuJSON" : "jlst_structure",
		"DataJSON" : "listeValeurSoubassementStructure"
	},
	{
		"MenuCombo": "listeTypeIsolant",
		"MenuJSON" : "jlst_typeisolant",
		"DataJSON" : "listeLambdaIsolant"
	},
	{
		"MenuCombo": "listeEpaisseurIsolant",
		"MenuJSON" : "jlst_epaisseur_isolant",
		"DataJSON" : "listeEpaisseurIso"
	},
	{
		"MenuCombo": "listeCouleurFacade",
		"MenuJSON" : "jlst_couleur_facade",
		"DataJSON" : "listeValeurCouleurFacade"
	},
	{
		"MenuCombo": "listeMenuiseriesPerformance",
		"MenuJSON" : "jlst_menuiserie_performance",
		"DataJSON" : "listeValeurPerformanceMenuiseries"
	},
	{
		"MenuCombo": "listeUCoffretVR",
		"MenuJSON" : "jlst_U_coffret_VR",
		"DataJSON" : "listeValeurUCoffretVR"
	},
	{
		"MenuCombo": "comboBoxChoixProtectionSolaire" ,
		"MenuJSON" : "jlst_mex_volets",
		"DataJSON" : "liste_Mex_Volets"
	},
	{
		"MenuCombo": "comboBoxModeGestion",
		"MenuJSON" : "jlst_mex_mode",
		"DataJSON" : "liste_Mex_Mode"
	},
	{
		"MenuCombo": "comboBoxChoixPMft",
		"MenuJSON" : "jlst_mex_PmFt",
		"DataJSON" : "liste_Mex_PmFt"
	},
	{
		"MenuCombo": "comboBoxModeGestionFT",
		"MenuJSON" : "jlst_mex_mode",
		"DataJSON" : "liste_Mex_ModeFt"
	},
	{
		"MenuCombo": "listePbTypePlancher",
		"MenuJSON" : "jlst_type_plancher_bas",
		"DataJSON" : "listeValeurPbTypePlancher"
	},
	{
		"MenuCombo": "listePbComplementSur",
		"MenuJSON" : "jlst_complement_sur_plancher",
		"DataJSON" : "listeValeurPbComplementSur"
	},
	{
		"MenuCombo": "listePbRevetementSol",
		"MenuJSON" : "jlst_revetement_sol",
		"DataJSON" : "listeValeurPbRevetementSol"
	},
	{
		"MenuCombo": "listePbJonctionFacade",
		"MenuJSON" : "jlst_jonction_facade",
		"DataJSON" : "listeValeurPbJonctionFacade"
	},
	{
		"MenuCombo": "comboBox_PI_TypePlancher",
		"MenuJSON" : "jlst_pi_type",
		"DataJSON" : "listeValeurPiTypePlancher"
	},
	{
		"MenuCombo": "comboBox_PI_RevetementSol",
		"MenuJSON" : "jlst_revetement_sol",
		"DataJSON" : "listeValeurPiRevetementSol"
	},
	{
		"MenuCombo": "comboBox_PI_JonctionPlancherFacade",
		"MenuJSON" : "jlst_jonction_facade",
		"DataJSON" : "listeValeurPiJonctionFacade"
	},
	{
		"MenuCombo": "comboBox_typePlancherTT",
		"MenuJSON" : "jlst_pi_type",
		"DataJSON" : "listeValeurTT_TypePlancher"
	},
	{
		"MenuCombo": "comboBox_couleurTT",
		"MenuJSON" : "jlst_couleur_facade",
		"DataJSON" : "listeValeurTT_couleur"
	},
	{
		"MenuCombo": "comboBox_TT_JonctionPlancherFacade",
		"MenuJSON" : "jlst_jonction_facade",
		"DataJSON" : "listeValeurTT_jonction"
	},
	{
		"MenuCombo": "listeParametresPermeabilitéAir",
		"MenuJSON" : "jlst_permeabilite_air",
		"DataJSON" : "listeValeurPermeabiliteAir"
	},
	{
		"MenuCombo": "listeParametresTypeCloisonsInterieures",
		"MenuJSON" : "jlst_cloison_int",
		"DataJSON" : "listeValeurTypeCloisons"
	}
]