﻿<?xml version="1.0" encoding="utf-8" ?>
<root>
	<parent name="Projet">
		<enfant name="valeurMaison">Type de maison</enfant>
		<enfant name="valeurDepartement">Département</enfant>
		<enfant name="valeurAltitude">Altitude</enfant>
		<enfant name="valeurOrientation">Orientation</enfant>
		<enfant name="valeurBR">Zone de bruit</enfant>
	</parent>
	<parent name="Paroi">
		<enfant name="valeurREnduit">R enduit</enfant>
		<enfant name="valeurRStructure">R maçonnerie</enfant>
		<enfant name="valeurRIsolant">R isolation</enfant>
		<enfant name="valeurREnduit">R platre</enfant>
		<enfant name="">---</enfant>
		<enfant name="valeurRParoi">R paroi</enfant>
		<enfant name="valeurCAS">Coefficient absorption solaire</enfant>
		<enfant name="">---</enfant>
		<enfant name="valeurUparoiEXT">U paroi EXT</enfant>
		<enfant name="valeurFse">Facteur solaire été</enfant>
		<enfant name="valeurFsh">Facteur solaire hiver</enfant>
		<enfant name="">---</enfant>
		<enfant name="valeurUparoiLNC">U paroi LNC</enfant>
	</parent>
	<parent name="Menuiserie">
		<enfant name=""></enfant>
		<enfant name=""></enfant>
		<enfant name=""></enfant>
		<enfant name=""></enfant>
	</parent>
	<parent name="CVC">
		<enfant name="">a</enfant>
		<enfant name="">b</enfant>
		<enfant name="">c</enfant>
		<enfant name="">d</enfant>
	</parent>
	<parent name="Plancher bas">
		<enfant name="">a</enfant>
		<enfant name="">b</enfant>
		<enfant name="">c</enfant>
		<enfant name="">d</enfant>
	</parent>
</root>