[
	{
		"id": "helpIM0",
		"page": 1110,
		"description": "choix MI plain-pied",
		"adresse": "./help/help_1110.html"
	},
	{
		"id": "helpIM1",
		"page": 1120,
		"description": "choix MI R+1 combles aménagés",
		"adresse": "./help/help_1120.html"
	},
	{
		"id": "helpIM2",
		"page": 1130,
		"description": "choix MI R+1 combles perdus",
		"adresse": "./help/help_1130.html"
	},
	{
		"id": "helpIM3",
		"page": 1140,
		"description": "choix MI R+1 Toiture-terrasse",
		"adresse": "./help/help_1140.html"
	},
	{
		"id": "pictureBox34",
		"page": 1210,
		"description": "Choix systeme chauffage ECS",
		"adresse": "./help/help_1210.html"
	},
	{
		"id": "pictureBox3",
		"page": 1310,
		"description": "Zone climatique",
		"adresse": "./help/help_1310.html"
	},
	{
		"id": "pictureBox4",
		"page": 1320,
		"description": "Altitude",
		"adresse": "./help/help_1320.html"
	},
	{
		"id": "pictureBox6",
		"page": 1330,
		"description": "Zone de bruit",
		"adresse": "./help/help_1330.html"
	},
	{
		"id": "pictureBox5",
		"page": 1340,
		"description": "Orientation",
		"adresse": "./help/help_1340.html"
	},
	{
		"id": "pictureBox10",
		"page": 2111,
		"description": "Parois - choix structure",
		"adresse": "./help/help_2111.html"
	},
	{
		"id": "pictureBox11",
		"page": 2112,
		"description": "Parois - choix type isolant",
		"adresse": "./help/help_2112.html"
	},
	{
		"id": "pictureBox12",
		"page": 2113,
		"description": "Parois - epaisseur isolant",
		"adresse": "./help/help_2113.html"
	},
	{
		"id": "pictureBox13",
		"page": 2114,
		"description": "Parois - couleur facade",
		"adresse": "./help/help_2114.html"
	},
	{
		"id": "pictureBox14",
		"page": 2121,
		"description": "Parois R maçonnerie",
		"adresse": "./help/help_2121.html"
	},
	{
		"id": "pictureBox15",
		"page": 2122,
		"description": "Parois R isolation thermique",
		"adresse": "./help/help_2122.html"
	},
	{
		"id": "pictureBox16",
		"page": 2123,
		"description": "Parois - Coefficient absorption",
		"adresse": "./help/help_2123.html"
	},
	{
		"id": "pictureBox41",
		"page": 2211,
		"description": "Soubassement structure",
		"adresse": "./help/help_2211.html"
	},
	{
		"id": "pictureBox31",
		"page": 2212,
		"description": "soubassement - isolation 2 faces",
		"adresse": "./help/help_2212.html"
	},
	{
		"id": "pictureBox24",
		"page": 2221,
		"description": "soubassement R maçonnerie",
		"adresse": "./help/help_2221.html"
	},
	{
		"id": "pictureBox42",
		"page": 2222,
		"description": "soubassement psi plancher refend",
		"adresse": "./help/help_2222.html"
	},
	{
		"id": "pictureBox45",
		"page": 3100,
		"description": "Performances menuiseries",
		"adresse": "./help/help_3100.html"
	},
	{
		"id": "pictureBox36",
		"page": 3310,
		"description": "type protection mobile",
		"adresse": "./help/help_3310.html"
	},
	{
		"id": "pictureBox37",
		"page": 3320,
		"description": "permeabilite protection solaire",
		"adresse": "./help/help_3320.html"
	},
	{
		"id": "pictureBox38",
		"page": 3320,
		"description": "horloge protection solaire",
		"adresse": "./help/help_3320.html"
	},
	{
		"id": "pictureBox39",
		"page": 3500,
		"description": "U coffret VR",
		"adresse": "./help/help_3500.html"
	},
	{
		"id": "pictureBox20",
		"page": 4111,
		"description": "type de plancher bas",
		"adresse": "./help/help_4111.html"
	},
	{
		"id": "pictureBox21",
		"page": 4112,
		"description": "complement sur plancher bas",
		"adresse": "./help/help_4112.html"
	},
	{
		"id": "pictureBox22",
		"page": 4113,
		"description": "revetement de sol plancher bas",
		"adresse": "./help/help_4113.html"
	},
	{
		"id": "pictureBox23",
		"page": 4114,
		"description": "jonction plancher bas facade",
		"adresse": "./help/help_4114.html"
	},
	{
		"id": "pictureBox29",
		"page": 4121,
		"description": "Up plancher bas",
		"adresse": "./help/help_4121.html"
	},
	{
		"id": "pictureBox30",
		"page": 4122,
		"description": "psi moyen plancher bas facade",
		"adresse": "./help/help_4122.html"
	},
	{
		"id": "pictureBox2",
		"page": 5111,
		"description": "Type isolation comble",
		"adresse": "./help/help_5111.html"
	},
	{
		"id": "pictureBox17",
		"page": 5112,
		"description": "Resistance thermique isolation",
		"adresse": "./help/help_5112.html"
	},
	{
		"id": "pictureBox18",
		"page": 5121,
		"description": "R isolation comble",
		"adresse": "./help/help_5121.html"
	},
	{
		"id": "pictureBox19",
		"page": 5122,
		"description": "Psi moyen plancher haut facade",
		"adresse": "./help/help_5122.html"
	},
	{
		"id": "pictureBox43",
		"page": 6100,
		"description": "permeabilite a l'air",
		"adresse": "./help/help_6100.html"
	},
	{
		"id": "pictureBox44",
		"page": 6200,
		"description": "type de cloisons interieures",
		"adresse": "./help/help_6200.html"
	},
	{
		"id": "tableau_40",
		"page": 7110,
		"description": "BBio",
		"adresse": "./help/help_7110.html"
	},
	{
		"id": "tableau_41",
		"page": 7120,
		"description": "Cep",
		"adresse": "./help/help_7120.html"
	},
	{
		"id": "tableau_42",
		"page": 7130,
		"description": "Cep nr",
		"adresse": "./help/help_7130.html"
	},
	{
		"id": "tableau_44",
		"page": 7150,
		"description": "Ratio Moyen de pont thermique",
		"adresse": "./help/help_7150.html"
	},
	{
		"id": "tableau_45",
		"page": 7160,
		"description": "xx",
		"adresse": "./help/help_7160.html"
	},
	{
		"id": "tableau_46",
		"page": 7170,
		"description": "xx",
		"adresse": "./help/help_7170.html"
	},
	{
		"id": "tableau_47",
		"page": 7180,
		"description": "Ic Construction",
		"adresse": "./help/help_7180.html"
	},
	{
		"id": "tableau_43",
		"page": 7140,
		"description": "xx",
		"adresse": "./help/help_7140.html"
	},
	{
		"id": "pictureBox47",
		"page": 3220,
		"description": "xxx",
		"adresse": "./help/help_3220.html"
	},
	{
		"id": "pictureBox46",
		"page": 3310,
		"description": "xxx",
		"adresse": "./help/help_3310.html"
	},
	{
		"id": "pictureBox32",
		"page": 3320,
		"description": "xxx",
		"adresse": "./help/help_3320.html"
	},
	{
		"id": "pictureBox38",
		"page": 3320,
		"description": "xxx",
		"adresse": "./help/help_3320.html"
	},
	{
		"id": "pictureBox25",
		"page": 4211,
		"description": "xxx",
		"adresse": "./help/help_4211.html"
	},
	{
		"id": "pictureBox26",
		"page": 4212,
		"description": "xxx",
		"adresse": "./help/help_4212.html"
	},
	{
		"id": "pictureBox27",
		"page": 4213,
		"description": "xxx",
		"adresse": "./help/help_4213.html"
	},
	{
		"id": "pictureBox28",
		"page": 4214,
		"description": "xxx",
		"adresse": "./help/help_4214.html"
	},
	{
		"id": "pictureBox40",
		"page": 4215,
		"description": "xxx",
		"adresse": "./help/help_4215.html"
	},
	{
		"id": "pictureBox33",
		"page": 4221,
		"description": "xxx",
		"adresse": "./help/help_4221.html"
	},
	{
		"id": "pictureBox64",
		"page": 1100,
		"description": "xxx",
		"adresse": "./help/help_1100.html"
	},
	{
		"id": "pictureBox65",
		"page": 1410,
		"description": "xxx",
		"adresse": "./help/help_1410.html"
	},
	{
		"id": "pictureBox48",
		"page": 5211,
		"description": "xxx",
		"adresse": "./help/help_5211.html"
	},
	{
		"id": "pictureBox49",
		"page": 5212,
		"description": "xxx",
		"adresse": "./help/help_5212.html"
	},
	{
		"id": "pictureBox50",
		"page": 5213,
		"description": "xxx",
		"adresse": "./help/help_5213.html"
	},
	{
		"id": "pictureBox51",
		"page": 5214,
		"description": "xxx",
		"adresse": "./help/help_5214.html"
	},
	{
		"id": "pictureBox54",
		"page": 5215,
		"description": "xxx",
		"adresse": "./help/help_5215.html"
	},
	{
		"id": "pictureBox55",
		"page": 5216,
		"description": "xxx",
		"adresse": "./help/help_5216.html"
	},
	{
		"id": "pictureBox52",
		"page": 5217,
		"description": "xxx",
		"adresse": "./help/help_5217.html"
	},
	{
		"id": "pictureBox53",
		"page": 5218,
		"description": "xxx",
		"adresse": "./help/help_5218.html"
	},
	{
		"id": "pictureBox56",
		"page": 5221,
		"description": "xxx",
		"adresse": "./help/help_5221.html"
	},
	{
		"id": "pictureBox57",
		"page": 5222,
		"description": "xxx",
		"adresse": "./help/help_5222.html"
	},
	{
		"id": "pictureBox58",
		"page": 5223,
		"description": "xxx",
		"adresse": "./help/help_5223.html"
	},
	{
		"id": "pictureBox59",
		"page": 5224,
		"description": "xxx",
		"adresse": "./help/help_5224.html"
	},
	{
		"id": "pictureBox60",
		"page": 5225,
		"description": "xxx",
		"adresse": "./help/help_5225.html"
	},
	{
		"id": "pictureBox62",
		"page": 5226,
		"description": "xxx",
		"adresse": "./help/help_5226.html"
	},
	{
		"id": "pictureBox69",
		"page": 8100,
		"description": "xxx",
		"adresse": "./help/help_5226.html"
	},
	{
		"id": "pictureBox70",
		"page": 8110,
		"description": "xxx",
		"adresse": "./help/help_5226.html"
	},
	{
		"id": "pictureBox71",
		"page": 8100,
		"description": "xxx",
		"adresse": "./help/help_5226.html"
	},
	{
		"id": "pictureBox61",
		"page": 8120,
		"description": "xxx",
		"adresse": "./help/help_5226.html"
	},
	{
		"id": "pictureBox63",
		"page": 8130,
		"description": "xxx",
		"adresse": "./help/help_5226.html"
	},
	{
		"id": "pictureBox66",
		"page": 8140,
		"description": "xxx",
		"adresse": "./help/help_5226.html"
	},
	{
		"id": "pictureBox67",
		"page": 8150,
		"description": "xxx",
		"adresse": "./help/help_5226.html"
	},
	{
		"id": "pictureBox68",
		"page": 8160,
		"description": "xxx",
		"adresse": "./help/help_5226.html"
	},
	{
		"id": "pictureBox80",
		"page": 8170,
		"description": "",
		"adresse": ""
	},
	{
		"id": "pictureBox79",
		"page": 8180,
		"description": "",
		"adresse": ""
	},
	{
		"id": "pictureBox77",
		"page": 8190,
		"description": "",
		"adresse": ""
	},
	{
		"id": "pictureBox85",
		"page": 8200,
		"description": "",
		"adresse": ""
	},
	{
		"id": "pictureBox84",
		"page": 8210,
		"description": "",
		"adresse": ""
	},
	{
		"id": "pictureBox78",
		"page": 8220,
		"description": "",
		"adresse": ""
	},
	{
		"id": "pictureBox",
		"page": 8230,
		"description": "",
		"adresse": ""
	}

]