[
{"Classe": "Definition", "ControlName": "comboBox_ListeMaisons", "ControlType": "ComboBox","ParameterName": "ChoixMaison", "Mode": "Standard", "BesoinCarbone": true},
{"Classe": "Definition", "ControlName": "listeboxSysteme","ControlType": "ComboBox","ParameterName": "ChoixSysteme", "Mode": "Standard", "BesoinCarbone": true},
{"Classe": "Definition", "ControlName": "checkBox_BrasseurAir","ControlType": "CheckBox","ParameterName": "ChoixBrasseur", "Mode": "Standard", "BesoinCarbone": true},
{"Classe": "Implantation", "ControlName": "listeZoneClimatique","ControlType": "ComboBox","ParameterName": "ChoixZoneClimatique", "Mode": "Standard", "BesoinCarbone": false},
{"Classe": "Implantation", "ControlName": "comboBoxAltitude","ControlType": "ComboBox", "ParameterName": "ChoixAltitude", "Mode": "Standard", "BesoinCarbone": false},
{"Classe": "Implantation", "ControlName": "listeZoneDeBruit","ControlType": "ComboBox", "ParameterName": "ChoixZoneBruit", "Mode": "Standard", "BesoinCarbone": false},
{"Classe": "Implantation", "ControlName": "textBoxSaisieAngle","ControlType": "TextBox", "ParameterName": "ChoixAngle", "Mode": "Standard", "BesoinCarbone": false},
{"Classe": "Paroi", "ControlName": "modeParoi", "ControlType": "CheckBox","ParameterName": "ChoixModeParoi", "Mode": "Standard", "BesoinCarbone": true},
{"Classe": "Paroi", "ControlName": "listeStructure", "ControlType": "ComboBox","ParameterName": "ChoixStructureParoi", "Mode": "Simple", "BesoinCarbone": true},
{"Classe": "Paroi", "ControlName": "listeTypeIsolant", "ControlType": "ComboBox","ParameterName": "ChoixIsolantParoi", "Mode": "Simple", "BesoinCarbone": true},
{"Classe": "Paroi", "ControlName": "listeEpaisseurIsolant", "ControlType": "ComboBox","ParameterName": "ChoixIsolantParoiEpaisseur", "Mode": "Simple", "BesoinCarbone": true},
{"Classe": "Paroi", "ControlName": "listeCouleurFacade", "ControlType": "ComboBox","ParameterName": "ChoixCouleurParoi", "Mode": "Simple", "BesoinCarbone": false},
{"Classe": "Paroi", "ControlName": "valeurRStructure_avance", "ControlType": "TextBox","ParameterName": "SaisiRStructureParoi", "Mode": "Avancé", "BesoinCarbone": true},
{"Classe": "Paroi", "ControlName": "valeurCas_avance", "ControlType": "TextBox","ParameterName": "SaisiCASParoi", "Mode": "Avancé", "BesoinCarbone": false},
{"Classe": "Paroi", "ControlName": "valeurRIsolant_avance", "ControlType": "TextBox","ParameterName": "SaisiRIsolantParoi", "Mode": "Avancé", "BesoinCarbone": true},
{"Classe": "Soubassement", "ControlName": "modeSoubassement", "ControlType": "CheckBox","ParameterName": "ChoixModeSoubassement", "Mode": "Standard", "BesoinCarbone": true},
{"Classe": "Soubassement", "ControlName": "listeSoubassementStructure", "ControlType": "ComboBox","ParameterName": "ChoixStructureSoubassement", "Mode": "Simple", "BesoinCarbone": true},
{"Classe": "Soubassement", "ControlName": "checkBoxIsolationRefend", "ControlType": "CheckBox","ParameterName": "ChoixIsolationRefend", "Mode": "Simple", "BesoinCarbone": true},
{"Classe": "Soubassement", "ControlName": "textBoxRSoubassement", "ControlType": "TextBox","ParameterName": "SaisiRStructureSoubassement", "Mode": "Avancé", "BesoinCarbone": true},
{"Classe": "Soubassement", "ControlName": "textBoxPsiPlancherBasRefend", "ControlType": "TextBox","ParameterName": "SaisiPsiPlancherBasRefend", "Mode": "Avancé", "BesoinCarbone": false},
{"Classe": "Menuiseries", "ControlName": "listeMenuiseriesPerformance", "ControlType": "ComboBox","ParameterName": "ChoixPerformanceMex", "Mode": "Standard", "BesoinCarbone": true},
{"Classe": "Menuiseries", "ControlName": "comboBoxChoixProtectionSolaire", "ControlType": "ComboBox","ParameterName": "ChoixProtectionSolaire", "Mode": "Standard", "BesoinCarbone": true},
{"Classe": "Menuiseries", "ControlName": "checkBoxHorloge", "ControlType": "CheckBox","ParameterName": "ChoixHorlogeMex", "Mode": "Standard", "BesoinCarbone": true},
{"Classe": "Menuiseries", "ControlName": "checkBoxMotorisation", "ControlType": "CheckBox","ParameterName": "ChoixMotorisationMex", "Mode": "Standard", "BesoinCarbone": true},
{"Classe": "Menuiseries", "ControlName": "comboBoxModeGestion", "ControlType": "ComboBox","ParameterName": "ChoixModeGestion", "Mode": "Standard", "BesoinCarbone": true},
{"Classe": "Menuiseries", "ControlName": "listeUCoffretVR", "ControlType": "ComboBox","ParameterName": "ChoixUCoffretVR", "Mode": "Standard", "BesoinCarbone": true},
{"Classe": "Comble", "ControlName": "comboBoxChoixPMft", "ControlType": "ComboBox","ParameterName": "ChoixProtectionSolaireFt", "Mode": "Standard", "BesoinCarbone": true},
{"Classe": "Comble", "ControlName": "comboBoxModeGestionFT", "ControlType": "ComboBox","ParameterName": "ChoixModeGestionFt", "Mode": "Standard", "BesoinCarbone": true},
{"Classe": "Comble", "ControlName": "checkBoxMotorisationFt", "ControlType": "ComboBox","ParameterName": "ChoixMotorisationMexFt", "Mode": "Standard", "BesoinCarbone": true},
{"Classe": "Plancher bas", "ControlName": "modePlancherBas", "ControlType": "CheckBox","ParameterName": "ChoixModePb", "Mode": "Standard", "BesoinCarbone": true},
{"Classe": "Plancher bas", "ControlName": "listePbTypePlancher", "ControlType": "ComboBox","ParameterName": "ChoixStructurePb", "Mode": "Simple", "BesoinCarbone": true},
{"Classe": "Plancher bas", "ControlName": "listePbComplementSur", "ControlType": "ComboBox","ParameterName": "ChoixComplementPb", "Mode": "Simple", "BesoinCarbone": true},
{"Classe": "Plancher bas", "ControlName": "listePbRevetementSol", "ControlType": "ComboBox","ParameterName": "ChoixRevetementPb", "Mode": "Simple", "BesoinCarbone": true},
{"Classe": "Plancher bas", "ControlName": "listePbJonctionFacade", "ControlType": "ComboBox","ParameterName": "ChoixJonctionFacadePb", "Mode": "Simple", "BesoinCarbone": false},
{"Classe": "Plancher bas", "ControlName": "textbox_UplancherBas_avance", "ControlType": "TextBox","ParameterName": "SaisiUPlancherBas", "Mode": "Avancé", "BesoinCarbone": true},
{"Classe": "Plancher bas", "ControlName": "textbox_Psil_PB_Facade", "ControlType": "TextBox","ParameterName": "SaisiPsiPlancherBasFacade", "Mode": "Avancé", "BesoinCarbone": false},
{"Classe": "Plancher inter", "ControlName": "modePlancherInter", "ControlType": "CheckBox","ParameterName": "ChoixModePi", "Mode": "Standard", "BesoinCarbone": true},
{"Classe": "Plancher inter", "ControlName": "comboBox_PI_TypePlancher", "ControlType": "ComboBox","ParameterName": "ChoixStructurePi", "Mode": "Simple", "BesoinCarbone": true},
{"Classe": "Plancher inter", "ControlName": "comboBox_PI_EpaisseurPlancher", "ControlType": "ComboBox","ParameterName": "ChoixStructureEpaisseurPi", "Mode": "Simple", "BesoinCarbone": true},
{"Classe": "Plancher inter", "ControlName": "comboBox_PI_RevetementSol", "ControlType": "ComboBox","ParameterName": "ChoixRevetementPi", "Mode": "Simple", "BesoinCarbone": true},
{"Classe": "Plancher inter", "ControlName": "comboBox_PI_JonctionPlancherFacade", "ControlType": "ComboBox","ParameterName": "ChoixJonctionFacadePi", "Mode": "Simple", "BesoinCarbone": false},
{"Classe": "Plancher inter", "ControlName": "checkBox_PI_IsolationPeripheriqueFxPlafond", "ControlType": "CheckBox","ParameterName": "ChoixIsolationPeriphPi", "Mode": "Simple", "BesoinCarbone": true},
{"Classe": "Plancher inter", "ControlName": "textBoxPsilPlancherIntermediaire", "ControlType": "TextBox","ParameterName": "SaisiPsiPlancherInterFacade", "Mode": "Avancé", "BesoinCarbone": true},
{"Classe": "Toiture", "ControlName": "modeToiture", "ControlType": "CheckBox","ParameterName": "ChoixModeComble", "Mode": "Standard", "BesoinCarbone": true},
{"Classe": "Toiture", "ControlName": "listePhTypeIsolant", "ControlType": "ComboBox","ParameterName": "ChoixIsolantComble", "Mode": "Simple", "BesoinCarbone": true},
{"Classe": "Toiture", "ControlName": "listePhRIsolant", "ControlType": "ComboBox","ParameterName": "ChoixIsolantCombleEpaisseur", "Mode": "Simple", "BesoinCarbone": true},
{"Classe": "Toiture", "ControlName": "textbox_RToiture_avance", "ControlType": "TextBox","ParameterName": "SaisiRPlancherToiture", "Mode": "Avancé", "BesoinCarbone": true},
{"Classe": "Toiture", "ControlName": "textbox_PsiPlancherHautFacade_avance", "ControlType": "TextBox","ParameterName": "SaisiPsiPlancherHautFacade", "Mode": "Avancé", "BesoinCarbone": false},
{"Classe": "Toiture-terrasse", "ControlName": "checkBox_modeTT", "ControlType": "CheckBox","ParameterName": "ChoixModeTT", "Mode": "Standard", "BesoinCarbone": true},
{"Classe": "Toiture-terrasse", "ControlName": "comboBox_typePlancherTT", "ControlType": "ComboBox","ParameterName": "ChoixStructureTT", "Mode": "Simple", "BesoinCarbone": true},
{"Classe": "Toiture-terrasse", "ControlName": "comboBox_epaisseurPlancherTT", "ControlType": "ComboBox","ParameterName": "ChoixStructureEpaisseurTT", "Mode": "Simple", "BesoinCarbone": true},
{"Classe": "Toiture-terrasse", "ControlName": "comboBox_typeIsolationTT", "ControlType": "ComboBox","ParameterName": "ChoixIsolantTT", "Mode": "Simple", "BesoinCarbone": true},
{"Classe": "Toiture-terrasse", "ControlName": "comboBox_epaisseurIsolationTT", "ControlType": "ComboBox","ParameterName": "ChoixIsolantTTEpaisseur", "Mode": "Simple", "BesoinCarbone": true},
{"Classe": "Toiture-terrasse", "ControlName": "comboBox_TT_JonctionPlancherFacade", "ControlType": "ComboBox","ParameterName": "ChoixJonctionFacadeTT", "Mode": "Simple", "BesoinCarbone": false},
{"Classe": "Toiture-terrasse", "ControlName": "checkBox_TT_IsolationPeripheriePlafond", "ControlType": "CheckBox","ParameterName": "ChoixIsolationPeriphTT", "Mode": "Simple", "BesoinCarbone": true},
{"Classe": "Toiture-terrasse", "ControlName": "comboBox_couleurTT", "ControlType": "ComboBox","ParameterName": "ChoixCouleurTT", "Mode": "Simple", "BesoinCarbone": false},
{"Classe": "Toiture-terrasse", "ControlName": "checkBox_choixVegetalisationTT", "ControlType": "CheckBox","ParameterName": "ChoixVegetalisationTT", "Mode": "Simple", "BesoinCarbone": true},
{"Classe": "Toiture-terrasse", "ControlName": "textBox_TT_valeurUp", "ControlType": "TextBox","ParameterName": "SaisiUpTerrasse", "Mode": "Avancé", "BesoinCarbone": true},
{"Classe": "Toiture-terrasse", "ControlName": "textBox_TT_valeurPsil", "ControlType": "TextBox","ParameterName": "SaisiPsiTerrasse", "Mode": "Avancé", "BesoinCarbone": false},
{"Classe": "Toiture-terrasse", "ControlName": "textBox_TT_valeurCAE", "ControlType": "TextBox","ParameterName": "SaisiCAETerrasse", "Mode": "Avancé", "BesoinCarbone": false},
{"Classe": "TTV", "ControlName": "checkBox_TT_Veget_avance", "ControlType": "CheckBox","ParameterName": "ChoixVegetAvanceTT", "Mode": "Avancé", "BesoinCarbone": true},
{"Classe": "TTV", "ControlName": "textBox_TT_valeurSfe", "ControlType": "TextBox","ParameterName": "SaisiSfeTerrrasseVeget", "Mode": "Avancé", "BesoinCarbone": false},
{"Classe": "TTV", "ControlName": "textBox_TT_valeurSfc", "ControlType": "TextBox","ParameterName": "SaisiSfcTerrasseVeget", "Mode": "Avancé", "BesoinCarbone": false},
{"Classe": "TTV", "ControlName": "dateTimePicker1", "ControlType": "DateTimePicker","ParameterName": "ChoixVegetDebutDate", "Mode": "Avancé", "BesoinCarbone": false},
{"Classe": "TTV", "ControlName": "dateTimePicker2", "ControlType": "DateTimePicker","ParameterName": "ChoixVegetFinDate", "Mode": "Avancé", "BesoinCarbone": false},
{"Classe": "Autres", "ControlName": "listeParametresPermeabilitéAir", "ControlType": "ComboBox","ParameterName": "ChoixPermeabiliteAir", "Mode": "Standard", "BesoinCarbone": false},
{"Classe": "Autres", "ControlName": "listeParametresTypeCloisonsInterieures", "ControlType": "ComboBox","ParameterName": "ChoixTypeCloisons", "Mode": "Standard", "BesoinCarbone": true}
]