<?xml version="1.0" encoding="utf-8"?>
<carbone xmlns:xsi="http://www.w3.org/2001/XMLSchema-instance" xsi:noNamespaceSchemaLocation="bbclic_carbone.xsd">
	<Maison_Collection>
		<Maison>
			<Maison_ID>0</Maison_ID>
			<Nom>Maison de plain-pied avec combles perdus</Nom>
			<Produit_Collection>
				<Produit>
					<Produit_GUID>6F8CB49C-41B5-4B28-ADA5-2B244518AC19</Produit_GUID>
					<Nom>R = 0,23 m2.K/W (ex. Bloc creux de granulats courant - Maçonné B40)</Nom>
					<Type>Paroi</Type>
					<Indicateurs_Collection>
						<indicateurs>
							<Lot>2</Lot>
							<indicateur>
								<Nom></Nom>
								<Valeur>3.86</Valeur>
							</indicateur>
						</indicateurs>
						<indicateurs>
							<Lot>3</Lot>
							<indicateur>
								<Nom></Nom>
								<Valeur>17.636</Valeur>
							</indicateur>
						</indicateurs>
					</Indicateurs_Collection>
				</Produit>
				<Produit>
					<Produit_GUID>2C76BFA8-DA46-4698-B334-A5216A60FC9E</Produit_GUID>
					<Nom>R = 0,29 m2.K/W (ex. Bloc creux de granulats courant - Collé B40)</Nom>
					<Type>Paroi</Type>
					<Indicateurs_Collection>
						<indicateurs>
							<Lot>2</Lot>
							<indicateur>
								<Nom></Nom>
								<Valeur>2.64</Valeur>
							</indicateur>
						</indicateurs>
						<indicateurs>
							<Lot>3</Lot>
							<indicateur>
								<Nom></Nom>
								<Valeur>12.0417</Valeur>
							</indicateur>
						</indicateurs>
					</Indicateurs_Collection>
				</Produit>
				<Produit>
					<Produit_GUID>D7859845-4B5D-46CB-A19B-5FC9D4C3DBF3</Produit_GUID>
					<Nom>R = 0,23 m2.K/W (ex. Bloc creux de granulats courant - Maçonné B60)</Nom>
					<Type>Paroi</Type>
					<Indicateurs_Collection>
						<indicateurs>
							<Lot>2</Lot>
							<indicateur>
								<Nom></Nom>
								<Valeur>4.34</Valeur>
							</indicateur>
						</indicateurs>
						<indicateurs>
							<Lot>3</Lot>
							<indicateur>
								<Nom></Nom>
								<Valeur>19.79</Valeur>
							</indicateur>
						</indicateurs>
					</Indicateurs_Collection>
				</Produit>
				<Produit>
					<Produit_GUID>68FD2FF6-3546-43B5-A2B0-D097E6DC9335</Produit_GUID>
					<Nom>R = 0,29 m2.K/W (ex. Bloc creux de granulats courant - Collé B60)</Nom>
					<Type>Paroi</Type>
					<Indicateurs_Collection>
						<indicateurs>
							<Lot>2</Lot>
							<indicateur>
								<Nom></Nom>
								<Valeur>3.39</Valeur>
							</indicateur>
						</indicateurs>
						<indicateurs>
							<Lot>3</Lot>
							<indicateur>
								<Nom></Nom>
								<Valeur>15.46</Valeur>
							</indicateur>
						</indicateurs>
					</Indicateurs_Collection>
				</Produit>
				<Produit>
					<Produit_GUID>641EBBB4-8D95-4A83-ABA5-E33B5BCCDC2B</Produit_GUID>
					<Nom>Doublage sur ossature laine de verre (λ = 0,032 W/(m.K))</Nom>
					<Type>Isolation Paroi</Type>
					<Indicateurs_Collection>
						<indicateurs>
							<Lot>5</Lot>
							<indicateur>
								<Nom>0.08</Nom>
								<Valeur>5.00</Valeur>
							</indicateur>
							<indicateur>
								<Nom>0.10</Nom>
								<Valeur>5.68</Valeur>
							</indicateur>
							<indicateur>
								<Nom>0.12</Nom>
								<Valeur>6.06</Valeur>
							</indicateur>
							<indicateur>
								<Nom>0.14</Nom>
								<Valeur>6.48</Valeur>
							</indicateur>
							<indicateur>
								<Nom>0.16</Nom>
								<Valeur>6.84</Valeur>
							</indicateur>
						</indicateurs>
					</Indicateurs_Collection>
				</Produit>
				<Produit>
					<Produit_GUID>5884E78A-A9F4-4AD4-900C-E72D5D9ECCAF</Produit_GUID>
					<Nom>Doublage collé PSE (λ = 0,032 W/(m.K))</Nom>
					<Type>Isolation Paroi</Type>
					<Indicateurs_Collection>
						<indicateurs>
							<Lot>5</Lot>
							<indicateur>
								<Nom>0.08</Nom>
								<Valeur>4.16</Valeur>
							</indicateur>
							<indicateur>
								<Nom>0.10</Nom>
								<Valeur>4.85</Valeur>
							</indicateur>
							<indicateur>
								<Nom>0.12</Nom>
								<Valeur>5.51</Valeur>
							</indicateur>
							<indicateur>
								<Nom>0.14</Nom>
								<Valeur>6.15</Valeur>
							</indicateur>
							<indicateur>
								<Nom>0.16</Nom>
								<Valeur>6.78</Valeur>
							</indicateur>
						</indicateurs>
					</Indicateurs_Collection>
				</Produit>
				<Produit>
					<Produit_GUID>D77765BB-B2DC-4A60-BE2E-9F721BFB8E9B</Produit_GUID>
					<Nom>Doublage collé PSE (λ = 0,030 W/(m.K))</Nom>
					<Type>Isolation Paroi</Type>
					<Indicateurs_Collection>
						<indicateurs>
							<Lot>5</Lot>
							<indicateur>
								<Nom>0.08</Nom>
								<Valeur>6.48</Valeur>
							</indicateur>
							<indicateur>
								<Nom>0.10</Nom>
								<Valeur>7.42</Valeur>
							</indicateur>
							<indicateur>
								<Nom>0.12</Nom>
								<Valeur>8.36</Valeur>
							</indicateur>
							<indicateur>
								<Nom>0.14</Nom>
								<Valeur>9.29</Valeur>
							</indicateur>
							<indicateur>
								<Nom>0.16</Nom>
								<Valeur>10.17</Valeur>
							</indicateur>
						</indicateurs>
					</Indicateurs_Collection>
				</Produit>
				<Produit>
					<Produit_GUID>328ACC72-D7E5-49DE-A9DD-37D7C70A97BA</Produit_GUID>
					<Nom>Doublage collé Polyuréthane (λ = 0,022 W/(m.K))</Nom>
					<Type>Isolation Paroi</Type>
					<Indicateurs_Collection>
						<indicateurs>
							<Lot>5</Lot>
							<indicateur>
								<Nom>0.08</Nom>
								<Valeur>8.32</Valeur>
							</indicateur>
							<indicateur>
								<Nom>0.10</Nom>
								<Valeur>12.08</Valeur>
							</indicateur>
							<indicateur>
								<Nom>0.12</Nom>
								<Valeur>14.09</Valeur>
							</indicateur>
							<indicateur>
								<Nom>0.14</Nom>
								<Valeur>14.44</Valeur>
							</indicateur>
							<indicateur>
								<Nom>0.16</Nom>
								<Valeur>15.78</Valeur>
							</indicateur>
						</indicateurs>
					</Indicateurs_Collection>
				</Produit>
				<Produit>
					<Produit_GUID>4AAA6794-88C4-4885-B141-FFF504D121D9</Produit_GUID>
					<Nom>Doublage collé laine de roche (λ = 0,036 W/(m.K))</Nom>
					<Type>Isolation Paroi</Type>
					<Indicateurs_Collection>
						<indicateurs>
							<Lot>5</Lot>
							<indicateur>
								<Nom>0.08</Nom>
								<Valeur>4.67</Valeur>
							</indicateur>
							<indicateur>
								<Nom>0.10</Nom>
								<Valeur>5.15</Valeur>
							</indicateur>
							<indicateur>
								<Nom>0.12</Nom>
								<Valeur>5.65</Valeur>
							</indicateur>
							<indicateur>
								<Nom>0.14</Nom>
								<Valeur>6.15</Valeur>
							</indicateur>
							<indicateur>
								<Nom>0.16</Nom>
								<Valeur>6.63</Valeur>
							</indicateur>
						</indicateurs>
					</Indicateurs_Collection>
				</Produit>
				<Produit>
					<Produit_GUID>58C61547-3E45-49D9-8593-876BCC762B96</Produit_GUID>
					<Nom>Doublage sur ossature fibre de bois (λ = 0,038 W/(m.K))</Nom>
					<Type>Isolation Paroi</Type>
					<Indicateurs_Collection>
						<indicateurs>
							<Lot>5</Lot>
							<indicateur>
								<Nom>0.08</Nom>
								<Valeur>2.80</Valeur>
							</indicateur>
							<indicateur>
								<Nom>0.10</Nom>
								<Valeur>2.81</Valeur>
							</indicateur>
							<indicateur>
								<Nom>0.12</Nom>
								<Valeur>2.81</Valeur>
							</indicateur>
							<indicateur>
								<Nom>0.14</Nom>
								<Valeur>2.82</Valeur>
							</indicateur>
							<indicateur>
								<Nom>0.16</Nom>
								<Valeur>2.83</Valeur>
							</indicateur>
						</indicateurs>
					</Indicateurs_Collection>
				</Produit>
				<Produit>
					<Produit_GUID>FCC99363-B8B8-4227-B046-F757F2DC92A7</Produit_GUID>
					<Nom>Isolation du refend de soubassement</Nom>
					<Type>Isolation soubassement</Type>
					<Indicateurs_Collection>
						<indicateurs>
							<Lot>2</Lot>
							<indicateur>
								<Nom></Nom>
								<Valeur>0.70</Valeur>
							</indicateur>
						</indicateurs>
					</Indicateurs_Collection>
				</Produit>
				<Produit>
					<Produit_GUID>D54FE3D1-88A1-4C4D-B13F-19A160A5B874</Produit_GUID>
					<Nom>Dalle béton pleine 16cm sur VS</Nom>
					<Type>Plancher bas</Type>
					<Indicateurs_Collection>
						<indicateurs>
							<Lot>3</Lot>
							<indicateur>
								<Nom></Nom>
								<Valeur>54.8508</Valeur>
							</indicateur>
						</indicateurs>
					</Indicateurs_Collection>
				</Produit>
				<Produit>
					<Produit_GUID>93D84CA5-B17C-4ACF-8906-A7FD7D0A5A0A</Produit_GUID>
					<Nom>Entrevous béton 12+4</Nom>
					<Type>Plancher bas</Type>
					<Indicateurs_Collection>
						<indicateurs>
							<Lot>3</Lot>
							<indicateur>
								<Nom></Nom>
								<Valeur>37.4022</Valeur>
							</indicateur>
						</indicateurs>
					</Indicateurs_Collection>
				</Produit>
				<Produit>
					<Produit_GUID>162D9A10-FF82-4AA7-9C57-C67987CC479D</Produit_GUID>
					<Nom>Entrevous PSE 12+5 - Up= 0.27 W/(m².K)</Nom>
					<Type>Plancher bas</Type>
					<Indicateurs_Collection>
						<indicateurs>
							<Lot>3</Lot>
							<indicateur>
								<Nom></Nom>
								<Valeur>47.9672</Valeur>
							</indicateur>
						</indicateurs>
					</Indicateurs_Collection>
				</Produit>
				<Produit>
					<Produit_GUID>223A3221-DA6E-4AA2-BD69-4CB12357468D</Produit_GUID>
					<Nom>Entrevous PSE 12+5 - Up= 0.23 W/(m².K)</Nom>
					<Type>Plancher bas</Type>
					<Indicateurs_Collection>
						<indicateurs>
							<Lot>3</Lot>
							<indicateur>
								<Nom></Nom>
								<Valeur>50.4374</Valeur>
							</indicateur>
						</indicateurs>
					</Indicateurs_Collection>
				</Produit>
				<Produit>
					<Produit_GUID>3FDBE679-77EC-47DC-AB71-E7AC96F52FD4</Produit_GUID>
					<Nom>Entrevous PSE 12+5 - Up= 0.19 W/(m².K)</Nom>
					<Type>Plancher bas</Type>
					<Indicateurs_Collection>
						<indicateurs>
							<Lot>3</Lot>
							<indicateur>
								<Nom></Nom>
								<Valeur>54.7078</Valeur>
							</indicateur>
						</indicateurs>
					</Indicateurs_Collection>
				</Produit>
				<Produit>
					<Produit_GUID>CC776579-66F2-4CBE-BE5A-F7FDA74D6774</Produit_GUID>
					<Nom>Entrevous PSE 12+5 - Up= 0.15 W/(m².K)</Nom>
					<Type>Plancher bas</Type>
					<Indicateurs_Collection>
						<indicateurs>
							<Lot>3</Lot>
							<indicateur>
								<Nom></Nom>
								<Valeur>57.759</Valeur>
							</indicateur>
						</indicateurs>
					</Indicateurs_Collection>
				</Produit>
				<Produit>
					<Produit_GUID>D37EF00A-2A34-41FE-BE77-1D37AA89A76F</Produit_GUID>
					<Nom>Entrevous PSE 12+5 - Up= 0.13 W/(m².K)</Nom>
					<Type>Plancher bas</Type>
					<Indicateurs_Collection>
						<indicateurs>
							<Lot>3</Lot>
							<indicateur>
								<Nom></Nom>
								<Valeur>58.427</Valeur>
							</indicateur>
						</indicateurs>
					</Indicateurs_Collection>
				</Produit>
				<Produit>
					<Produit_GUID>BC790245-1C56-4E77-9DF8-C7B1A6FFC561</Produit_GUID>
					<Nom>Sans</Nom>
					<Type>Complement plancher bas</Type>
					<Indicateurs_Collection>
						<indicateurs>
							<Lot>5</Lot>
							<indicateur>
								<Nom></Nom>
								<Valeur>0.0</Valeur>
							</indicateur>
						</indicateurs>
						<indicateurs>
							<Lot>7</Lot>
							<indicateur>
								<Nom></Nom>
								<Valeur>0.0</Valeur>
							</indicateur>
						</indicateurs>
					</Indicateurs_Collection>
				</Produit>
				<Produit>
					<Produit_GUID>7053D6BE-E622-497A-9C3F-3B03BB317E54</Produit_GUID>
					<Nom>Isolation sous chape flottante - R= 1.00 (m².K)/W</Nom>
					<Type>Complement plancher bas</Type>
					<Indicateurs_Collection>
						<indicateurs>
							<Lot>5</Lot>
							<indicateur>
								<Nom></Nom>
								<Valeur>4.5882</Valeur>
							</indicateur>
						</indicateurs>
						<indicateurs>
							<Lot>7</Lot>
							<indicateur>
								<Nom></Nom>
								<Valeur>11.8907</Valeur>
							</indicateur>
						</indicateurs>
					</Indicateurs_Collection>
				</Produit>
				<Produit>
					<Produit_GUID>5C31F850-6876-4426-A289-AA6C815E5C39</Produit_GUID>
					<Nom>Isolation sous chape flottante - R= 2.00 (m².K)/W</Nom>
					<Type>Complement plancher bas</Type>
					<Indicateurs_Collection>
						<indicateurs>
							<Lot>5</Lot>
							<indicateur>
								<Nom></Nom>
								<Valeur>7.0351</Valeur>
							</indicateur>
						</indicateurs>
						<indicateurs>
							<Lot>7</Lot>
							<indicateur>
								<Nom></Nom>
								<Valeur>11.8907</Valeur>
							</indicateur>
						</indicateurs>
					</Indicateurs_Collection>
				</Produit>
				<Produit>
					<Produit_GUID>19B4AAC1-BC4E-49A4-A414-457CB93777E8</Produit_GUID>
					<Nom>Isolation sous chape flottante - R= 3.00 (m².K)/W</Nom>
					<Type>Complement plancher bas</Type>
					<Indicateurs_Collection>
						<indicateurs>
							<Lot>5</Lot>
							<indicateur>
								<Nom></Nom>
								<Valeur>8.4312</Valeur>
							</indicateur>
						</indicateurs>
						<indicateurs>
							<Lot>7</Lot>
							<indicateur>
								<Nom></Nom>
								<Valeur>11.8907</Valeur>
							</indicateur>
						</indicateurs>
					</Indicateurs_Collection>
				</Produit>
				<Produit>
					<Produit_GUID>7FC6AB55-BE51-424F-B219-FB96615ADD72</Produit_GUID>
					<Nom>Isolation sous chape flottante - R= 4.00 (m².K)/W</Nom>
					<Type>Complement plancher bas</Type>
					<Indicateurs_Collection>
						<indicateurs>
							<Lot>5</Lot>
							<indicateur>
								<Nom></Nom>
								<Valeur>12.3198</Valeur>
							</indicateur>
						</indicateurs>
						<indicateurs>
							<Lot>7</Lot>
							<indicateur>
								<Nom></Nom>
								<Valeur>11.8907</Valeur>
							</indicateur>
						</indicateurs>
					</Indicateurs_Collection>
				</Produit>
				<Produit>
					<Produit_GUID>957EDE03-20B7-4045-8D7B-13A936BD034E</Produit_GUID>
					<Nom>Isolation sous chape flottante - R= 5.00 (m².K)/W</Nom>
					<Type>Complement plancher bas</Type>
					<Indicateurs_Collection>
						<indicateurs>
							<Lot>5</Lot>
							<indicateur>
								<Nom></Nom>
								<Valeur>14.6585</Valeur>
							</indicateur>
						</indicateurs>
						<indicateurs>
							<Lot>7</Lot>
							<indicateur>
								<Nom></Nom>
								<Valeur>11.8907</Valeur>
							</indicateur>
						</indicateurs>
					</Indicateurs_Collection>
				</Produit>
				<Produit>
					<Produit_GUID>0872AC8B-DAF5-44CA-A148-EA989CF0574E</Produit_GUID>
					<Nom>laine de verre déroulée - λ = 0.040 W/(m.K)</Nom>
					<Type>Isolation Comble</Type>
					<Indicateurs_Collection>
						<indicateurs>
							<Lot>5</Lot>
							<indicateur>
								<Nom>0.20</Nom>
								<Valeur>2.27</Valeur>
							</indicateur>
							<indicateur>
								<Nom>0.25</Nom>
								<Valeur>4.475</Valeur>
							</indicateur>
							<indicateur>
								<Nom>0.30</Nom>
								<Valeur>5.37</Valeur>
							</indicateur>
							<indicateur>
								<Nom>0.35</Nom>
								<Valeur>4.94</Valeur>
							</indicateur>
							<indicateur>
								<Nom>0.40</Nom>
								<Valeur>5.36</Valeur>
							</indicateur>
							<indicateur>
								<Nom>0.45</Nom>
								<Valeur>7.4949</Valeur>
							</indicateur>
							<indicateur>
								<Nom>0.50</Nom>
								<Valeur>9.12295</Valeur>
							</indicateur>
						</indicateurs>
					</Indicateurs_Collection>
				</Produit>
				<Produit>
					<Produit_GUID>064EA1EE-F8D5-4D73-BB5E-161C7E75DA1A</Produit_GUID>
					<Nom>laine de verre soufflée - λ = 0.046 W/(m.K)</Nom>
					<Type>Isolation Comble</Type>
					<Indicateurs_Collection>
						<indicateurs>
							<Lot>5</Lot>
							<indicateur>
								<Nom>0.20</Nom>
								<Valeur>2.28</Valeur>
							</indicateur>
							<indicateur>
								<Nom>0.25</Nom>
								<Valeur>2.85</Valeur>
							</indicateur>
							<indicateur>
								<Nom>0.30</Nom>
								<Valeur>3.42</Valeur>
							</indicateur>
							<indicateur>
								<Nom>0.35</Nom>
								<Valeur>3.99</Valeur>
							</indicateur>
							<indicateur>
								<Nom>0.40</Nom>
								<Valeur>4.70</Valeur>
							</indicateur>
							<indicateur>
								<Nom>0.45</Nom>
								<Valeur>5.28</Valeur>
							</indicateur>
							<indicateur>
								<Nom>0.50</Nom>
								<Valeur>5.87</Valeur>
							</indicateur>
						</indicateurs>
					</Indicateurs_Collection>
				</Produit>
				<Produit>
					<Produit_GUID>C59A7DB8-ADC9-4361-9E0A-EE886CAA68F7</Produit_GUID>
					<Nom>BA13 sur ossature 72/48</Nom>
					<Type>Cloisonnement</Type>
					<Indicateurs_Collection>
						<indicateurs>
							<Lot>5</Lot>
							<indicateur>
								<Nom></Nom>
								<Valeur>8.64</Valeur>
							</indicateur>
						</indicateurs>
					</Indicateurs_Collection>
				</Produit>
				<Produit>
					<Produit_GUID>FF6855D4-81F8-4D3A-AFAC-8468F949CF6C</Produit_GUID>
					<Nom>Cloison alvéolaire carton avec parement BA10</Nom>
					<Type>Cloisonnement</Type>
					<Indicateurs_Collection>
						<indicateurs>
							<Lot>5</Lot>
							<indicateur>
								<Nom></Nom>
								<Valeur>4.22</Valeur>
							</indicateur>
						</indicateurs>
					</Indicateurs_Collection>
				</Produit>
				<Produit>
					<Produit_GUID>BD7EB50D-4436-4036-BB7D-9EB8406CAEB1</Produit_GUID>
					<Nom>Carreaux de platres plein 6 cm</Nom>
					<Type>Cloisonnement</Type>
					<Indicateurs_Collection>
						<indicateurs>
							<Lot>5</Lot>
							<indicateur>
								<Nom></Nom>
								<Valeur>18.68</Valeur>
							</indicateur>
						</indicateurs>
					</Indicateurs_Collection>
				</Produit>
				<Produit>
					<Produit_GUID>3E4AE162-1D02-4934-93B2-4DF54FE9AA5F</Produit_GUID>
					<Nom>Blocs pleins en béton 7.5cm + enduits 2 faces</Nom>
					<Type>Cloisonnement</Type>
					<Indicateurs_Collection>
						<indicateurs>
							<Lot>5</Lot>
							<indicateur>
								<Nom></Nom>
								<Valeur>10.35</Valeur>
							</indicateur>
						</indicateurs>
					</Indicateurs_Collection>
				</Produit>
				<Produit>
					<Produit_GUID>783396DE-8610-41A7-AB04-94F6477A81DF</Produit_GUID>
					<Nom>Blocs perforé en béton de 10 cm enduit</Nom>
					<Type>Cloisonnement</Type>
					<Indicateurs_Collection>
						<indicateurs>
							<Lot>5</Lot>
							<indicateur>
								<Nom></Nom>
								<Valeur>10.71</Valeur>
							</indicateur>
						</indicateurs>
					</Indicateurs_Collection>
				</Produit>
				<Produit>
					<Produit_GUID>707E590B-13ED-4F34-8644-B30CC3225306</Produit_GUID>
					<Nom>Systeme 1</Nom>
					<Type>Systeme</Type>
					<Indicateurs_Collection>
						<indicateurs>
							<Lot>8</Lot>
							<indicateur>
								<Nom></Nom>
								<Valeur>72.1889</Valeur>
							</indicateur>
						</indicateurs>
					</Indicateurs_Collection>
				</Produit>
				<Produit>
					<Produit_GUID>C612C429-06B2-4259-9B16-41D79915DABD</Produit_GUID>
					<Nom>Systeme 2</Nom>
					<Type>Systeme</Type>
					<Indicateurs_Collection>
						<indicateurs>
							<Lot>8</Lot>
							<indicateur>
								<Nom></Nom>
								<Valeur>81.251</Valeur>
							</indicateur>
						</indicateurs>
					</Indicateurs_Collection>
				</Produit>
				<Produit>
					<Produit_GUID>D5792B8C-628C-4C05-A857-BDB3778B0E4A</Produit_GUID>
					<Nom>Systeme 3</Nom>
					<Type>Systeme</Type>
					<Indicateurs_Collection>
						<indicateurs>
							<Lot>8</Lot>
							<indicateur>
								<Nom></Nom>
								<Valeur>117.3363</Valeur>
							</indicateur>
						</indicateurs>
					</Indicateurs_Collection>
				</Produit>
				<Produit>
					<Produit_GUID>3B95C869-50AD-472A-9203-F357DEFFDFD6</Produit_GUID>
					<Nom>Systeme 4</Nom>
					<Type>Systeme</Type>
					<Indicateurs_Collection>
						<indicateurs>
							<Lot>8</Lot>
							<indicateur>
								<Nom></Nom>
								<Valeur>117.3363</Valeur>
							</indicateur>
						</indicateurs>
					</Indicateurs_Collection>
				</Produit>
				<Produit>
					<Produit_GUID>AD2CF9F7-7A3E-4419-8680-DD8D3F11C032</Produit_GUID>
					<Nom>Systeme 5</Nom>
					<Type>Systeme</Type>
					<Indicateurs_Collection>
						<indicateurs>
							<Lot>8</Lot>
							<indicateur>
								<Nom></Nom>
								<Valeur>149.894</Valeur>
							</indicateur>
						</indicateurs>
					</Indicateurs_Collection>
				</Produit>
				<Produit>
					<Produit_GUID>091C32D8-0F8B-4EDC-8CAA-1C7ECB373610</Produit_GUID>
					<Nom>Systeme 6</Nom>
					<Type>Systeme</Type>
					<Indicateurs_Collection>
						<indicateurs>
							<Lot>8</Lot>
							<indicateur>
								<Nom></Nom>
								<Valeur>92.167</Valeur>
							</indicateur>
						</indicateurs>
					</Indicateurs_Collection>
				</Produit>
				<Produit>
					<Produit_GUID>D3693C80-0509-4B29-9F01-E9723738A9CA</Produit_GUID>
					<Nom>Systeme 7</Nom>
					<Type>Systeme</Type>
					<Indicateurs_Collection>
						<indicateurs>
							<Lot>8</Lot>
							<indicateur>
								<Nom></Nom>
								<Valeur>208.283</Valeur>
							</indicateur>
						</indicateurs>
					</Indicateurs_Collection>
				</Produit>
				<Produit>
					<Produit_GUID>A5A4A782-1EE2-4E3C-A54B-E445E5BDF558</Produit_GUID>
					<Nom>Systeme 8</Nom>
					<Type>Systeme</Type>
					<Indicateurs_Collection>
						<indicateurs>
							<Lot>8</Lot>
							<indicateur>
								<Nom></Nom>
								<Valeur>217.2472</Valeur>
							</indicateur>
						</indicateurs>
						<indicateurs>
							<Lot>13</Lot>
							<indicateur>
								<Nom></Nom>
								<Valeur>0.000</Valeur>
							</indicateur>
						</indicateurs>

					</Indicateurs_Collection>
				</Produit>
				<Produit>
					<Produit_GUID>E8D1B4E5-7A5B-4C67-B3B0-858B65426915</Produit_GUID>
					<Nom>Brasseur d'air</Nom>
					<Type>Brasseur</Type>
					<Indicateurs_Collection>
						<indicateurs>
							<Lot>8</Lot>
							<indicateur>
								<Nom></Nom>
								<Valeur>11.1241</Valeur>
							</indicateur>
						</indicateurs>
					</Indicateurs_Collection>
				</Produit>

				<Produit>
					<Produit_GUID>58E1ED6C-8A93-4829-879E-62C62CD36D52</Produit_GUID>
					<Nom>Basse</Nom>
					<Type>Menuiserie</Type>
					<Indicateurs_Collection>
						<indicateurs>
							<Lot>6</Lot>
							<indicateur>
								<Nom></Nom>
								<Valeur>20.66</Valeur>
							</indicateur>
						</indicateurs>
					</Indicateurs_Collection>
				</Produit>
				<Produit>
					<Produit_GUID>EEBB4402-567C-4DAF-B11F-410BCB2CFD95</Produit_GUID>
					<Nom>Standard</Nom>
					<Type>Menuiserie</Type>
					<Indicateurs_Collection>
						<indicateurs>
							<Lot>6</Lot>
							<indicateur>
								<Nom></Nom>
								<Valeur>20.66</Valeur>
							</indicateur>
						</indicateurs>
					</Indicateurs_Collection>
				</Produit>
				<Produit>
					<Produit_GUID>405F98D8-F9EB-4CB9-BA98-BEF49957CF5F</Produit_GUID>
					<Nom>Haute</Nom>
					<Type>Menuiserie</Type>
					<Indicateurs_Collection>
						<indicateurs>
							<Lot>6</Lot>
							<indicateur>
								<Nom></Nom>
								<Valeur>20.66</Valeur>
							</indicateur>
						</indicateurs>
					</Indicateurs_Collection>
				</Produit>
				<Produit>
					<Produit_GUID>033A6397-9660-4E92-B79E-5C08D2DB9C9E</Produit_GUID>
					<Nom>Carrelage collé</Nom>
					<Type>Revetement</Type>
					<Indicateurs_Collection>
						<indicateurs>
							<Lot>7</Lot>
							<indicateur>
								<Nom></Nom>
								<Valeur>21.65</Valeur>
							</indicateur>
						</indicateurs>
					</Indicateurs_Collection>
				</Produit>
				<Produit>
					<Produit_GUID>44FC863B-99E3-41AB-834E-63F6F370C487</Produit_GUID>
					<Nom>Parquet flottant</Nom>
					<Type>Revetement</Type>
					<Indicateurs_Collection>
						<indicateurs>
							<Lot>7</Lot>
							<indicateur>
								<Nom></Nom>
								<Valeur>1.7</Valeur>
							</indicateur>
						</indicateurs>
					</Indicateurs_Collection>
				</Produit>
				<Produit>
					<Produit_GUID>2A6D6837-A3B3-418C-BC90-BE79871B6CEB</Produit_GUID>
					<Nom>Moquette</Nom>
					<Type>Revetement</Type>
					<Indicateurs_Collection>
						<indicateurs>
							<Lot>7</Lot>
							<indicateur>
								<Nom></Nom>
								<Valeur>36.28</Valeur>
							</indicateur>
						</indicateurs>
					</Indicateurs_Collection>
				</Produit>
				<Produit>
					<Produit_GUID>65164E11-D79D-4D25-AA3D-21178D258244</Produit_GUID>
					<Nom>Sol souple</Nom>
					<Type>Revetement</Type>
					<Indicateurs_Collection>
						<indicateurs>
							<Lot>7</Lot>
							<indicateur>
								<Nom></Nom>
								<Valeur>14.97</Valeur>
							</indicateur>
						</indicateurs>
					</Indicateurs_Collection>
				</Produit>
				<Produit>
					<Produit_GUID>F91D8D4B-CD45-410A-871B-BEECAAE3CE68</Produit_GUID>
					<Nom>Volets battant</Nom>
					<Type>ProtectionMobiles</Type>
					<Indicateurs_Collection>
						<indicateurs>
							<Lot>6</Lot>
							<indicateur>
								<Nom>Manuel non motor</Nom>
								<Valeur>15.03</Valeur>
							</indicateur>
							<indicateur>
								<Nom>Manuel motor</Nom>
								<Valeur>51.17</Valeur>
							</indicateur>
							<indicateur>
								<Nom>Automatique</Nom>
								<Valeur>57.47</Valeur>
							</indicateur>
						</indicateurs>
					</Indicateurs_Collection>
				</Produit>
				<Produit>
					<Produit_GUID>B5260A30-10F9-413A-B1D0-D30C0889B7D1</Produit_GUID>
					<Nom>Volets roulants</Nom>
					<Type>ProtectionMobiles</Type>
					<Indicateurs_Collection>
						<indicateurs>
							<Lot>6</Lot>
							<indicateur>
								<Nom>Manuel non motor</Nom>
								<Valeur>19.6</Valeur>
							</indicateur>
							<indicateur>
								<Nom>Manuel motor</Nom>
								<Valeur>25.41</Valeur>
							</indicateur>
							<indicateur>
								<Nom>Automatique</Nom>
								<Valeur>25.85</Valeur>
							</indicateur>
						</indicateurs>
					</Indicateurs_Collection>
				</Produit>
				<Produit>
					<Produit_GUID>5EA99DE0-F83C-44B7-BAF4-10F44A7828D7</Produit_GUID>
					<Nom>Persiennes</Nom>
					<Type>ProtectionMobiles</Type>
					<Indicateurs_Collection>
						<indicateurs>
							<Lot>6</Lot>
							<indicateur>
								<Nom>Manuel non motor</Nom>
								<Valeur>19.27</Valeur>
							</indicateur>
							<indicateur>
								<Nom>Manuel motor</Nom>
								<Valeur>61.41</Valeur>
							</indicateur>
							<indicateur>
								<Nom>Automatique</Nom>
								<Valeur>60.71</Valeur>
							</indicateur>
						</indicateurs>
					</Indicateurs_Collection>
				</Produit>
				<Produit>
					<Produit_GUID>2AD830A5-29EC-414D-B47C-669BB41CDE15</Produit_GUID>
					<Nom>Stores</Nom>
					<Type>ProtectionMobiles</Type>
					<Indicateurs_Collection>
						<indicateurs>
							<Lot>6</Lot>
							<indicateur>
								<Nom>Manuel non motor</Nom>
								<Valeur>11.33</Valeur>
							</indicateur>
							<indicateur>
								<Nom>Manuel motor</Nom>
								<Valeur>24.88</Valeur>
							</indicateur>
							<indicateur>
								<Nom>Automatique</Nom>
								<Valeur>25.33</Valeur>
							</indicateur>
						</indicateurs>
					</Indicateurs_Collection>
				</Produit>
			</Produit_Collection>
			<Ic_composants>
				<Ic_Lot>
					<numero>1</numero>
					<part_fixe>14.69</part_fixe>
				</Ic_Lot>
				<Ic_Lot>
					<numero>2</numero>
					<part_fixe>23.98</part_fixe>
				</Ic_Lot>
				<Ic_Lot>
					<numero>3</numero>
					<part_fixe>12.51</part_fixe>
				</Ic_Lot>
				<Ic_Lot>
					<numero>4</numero>
					<part_fixe>13.9467</part_fixe>
				</Ic_Lot>
				<Ic_Lot>
					<numero>5</numero>
					<part_fixe>12.17</part_fixe>
				</Ic_Lot>
				<Ic_Lot>
					<numero>6</numero>
					<part_fixe>7.61</part_fixe>
				</Ic_Lot>
				<Ic_Lot>
					<numero>7</numero>
					<part_fixe>33.14</part_fixe>
				</Ic_Lot>
				<Ic_Lot>
					<numero>8</numero>
					<part_fixe>0.00</part_fixe>
				</Ic_Lot>
				<Ic_Lot>
					<numero>9</numero>
					<part_fixe>22.2325</part_fixe>
				</Ic_Lot>
				<Ic_Lot>
					<numero>10</numero>
					<part_fixe>98.00</part_fixe>
				</Ic_Lot>
				<Ic_Lot>
					<numero>11</numero>
					<part_fixe>2.00</part_fixe>
				</Ic_Lot>
				<Ic_Lot>
					<numero>12</numero>
					<part_fixe>0.00</part_fixe>
				</Ic_Lot>
				<Ic_Lot>
					<numero>13</numero>
					<part_fixe>0.00</part_fixe>
				</Ic_Lot>
			</Ic_composants>
		</Maison>
	</Maison_Collection>
	<Dictionnaire>
		<item>
			<identification>Lot 1</identification>
			<texte>voirie et réseaux divers</texte>
		</item>
		<item>
			<identification>Lot 2</identification>
			<texte>fondations et infrastructures</texte>
		</item>
		<item>
			<identification>Lot 3</identification>
			<texte>superstructure et maçonnerie</texte>
		</item>
		<item>
			<identification>Lot 4</identification>
			<texte>couverture, étanchéité, charpente, zinguerie</texte>
		</item>
		<item>
			<identification>Lot 5</identification>
			<texte>cloisonnement, double, plafonds suspendus, menuiseries intérieures</texte>
		</item>
		<item>
			<identification>Lot 6</identification>
			<texte>façade et menuiseries extérieures</texte>
		</item>
		<item>
			<identification>Lot 7</identification>
			<texte>revêtement de sols, murs et plafonds, chape, peinture, produits de décoration</texte>
		</item>
		<item>
			<identification>Lot 8</identification>
			<texte>chauffage, ventilation, refroidissement, eau chaude sanitaire</texte>
		</item>
		<item>
			<identification>Lot 9</identification>
			<texte>installations sanitaires</texte>
		</item>
		<item>
			<identification>Lot 10</identification>
			<texte>réseaux d’énergie (courants forts)</texte>
		</item>
		<item>
			<identification>Lot 11</identification>
			<texte>réseaux de communication (courants faibles)</texte>
		</item>
		<item>
			<identification>Lot 12</identification>
			<texte>appareils élévateurs</texte>
		</item>
		<item>
			<identification>Lot 13</identification>
			<texte>équipement de production locale d’électricité</texte>
		</item>
		<item>
			<identification>Lot 14</identification>
			<texte>fluides frigorigènes</texte>
		</item>
	</Dictionnaire>
</carbone>