<root>
	<groupe>
		<name>O_Cef_elec_imp_annuel</name>
		<localisation>/Sortie_Projet/Sortie_Batiment_C_Collection/Sortie_Batiment_C</localisation>
		<emission_co2>0.000</emission_co2>
	</groupe>
	<groupe>
		<name>O_Cef_elec_imp_ch_annuel</name>
		<localisation>/Sortie_Projet/Sortie_Batiment_C_Collection/Sortie_Batiment_C</localisation>
		<emission_co2>0.079</emission_co2>
	</groupe>
	<groupe>
		<name>O_Cef_elec_imp_fr_annuel</name>
		<localisation>/Sortie_Projet/Sortie_Batiment_C_Collection/Sortie_Batiment_C</localisation>
		<emission_co2>0.064</emission_co2>
	</groupe>
	<groupe>
		<name>O_Cef_elec_imp_ecs_annuel</name>
		<localisation>/Sortie_Projet/Sortie_Batiment_C_Collection/Sortie_Batiment_C</localisation>
		<emission_co2>0.065</emission_co2>
	</groupe>
	<groupe>
		<name>O_Cef_elec_imp_ecl_annuel</name>
		<localisation>/Sortie_Projet/Sortie_Batiment_C_Collection/Sortie_Batiment_C</localisation>
		<emission_co2>0.069</emission_co2>
	</groupe>
	<groupe>
		<name>O_Cef_elec_imp_auxvent_annuel</name>
		<localisation>/Sortie_Projet/Sortie_Batiment_C_Collection/Sortie_Batiment_C</localisation>
		<emission_co2>0.064</emission_co2>
	</groupe>
	<groupe>
		<name>O_Cef_elec_imp_auxdist_annuel</name>
		<localisation>/Sortie_Projet/Sortie_Batiment_C_Collection/Sortie_Batiment_C</localisation>
		<emission_co2>0.064</emission_co2>
	</groupe>
	<groupe>
		<name>O_Cef_elec_imp_deplacement_annuel</name>
		<localisation>/Sortie_Projet/Sortie_Batiment_C_Collection/Sortie_Batiment_C</localisation>
		<emission_co2>0.064</emission_co2>
	</groupe>
	<groupe>
		<name>O_Cef_elec_imp_mobilier_annuel</name>
		<localisation>/Sortie_Projet/Sortie_Batiment_C_Collection/Sortie_Batiment_C</localisation>
		<emission_co2>0.000</emission_co2>
	</groupe>
	<groupe>
		<name>O_Cef_gaz_imp_annuel</name>
		<localisation>/Sortie_Projet/Sortie_Batiment_C_Collection/Sortie_Batiment_C</localisation>
		<emission_co2>0.000</emission_co2>
	</groupe>
	<groupe>
		<name>O_Cef_gaz_imp_ch_annuel</name>
		<localisation>/Sortie_Projet/Sortie_Batiment_C_Collection/Sortie_Batiment_C</localisation>
		<emission_co2>0.227</emission_co2>
	</groupe>
	<groupe>
		<name>O_Cef_gaz_imp_fr_annuel</name>
		<localisation>/Sortie_Projet/Sortie_Batiment_C_Collection/Sortie_Batiment_C</localisation>
		<emission_co2>0.227</emission_co2>
	</groupe>
	<groupe>
		<name>O_Cef_gaz_imp_ecs_annuel</name>
		<localisation>/Sortie_Projet/Sortie_Batiment_C_Collection/Sortie_Batiment_C</localisation>
		<emission_co2>0.227</emission_co2>
	</groupe>
	<groupe>
		<name>O_Cef_bois_imp_annuel</name>
		<localisation>/Sortie_Projet/Sortie_Batiment_C_Collection/Sortie_Batiment_C</localisation>
		<emission_co2>0.000</emission_co2>
	</groupe>
	<groupe>
		<name>O_Cef_boisbuchchaud_imp_ch_annuel</name>
		<localisation>/Sortie_Projet/Sortie_Batiment_C_Collection/Sortie_Batiment_C</localisation>
		<emission_co2>0.030</emission_co2>
	</groupe>
	<groupe>
		<name>O_Cef_boisbuchchaud_imp_ecs_annuel</name>
		<localisation>/Sortie_Projet/Sortie_Batiment_C_Collection/Sortie_Batiment_C</localisation>
		<emission_co2>0.030</emission_co2>
	</groupe>
	<groupe>
		<name>O_Cef_boisgranchaud_imp_ch_annuel</name>
		<localisation>/Sortie_Projet/Sortie_Batiment_C_Collection/Sortie_Batiment_C</localisation>
		<emission_co2>0.030</emission_co2>
	</groupe>
	<groupe>
		<name>O_Cef_boisgranchaud_imp_ecs_annuel</name>
		<localisation>/Sortie_Projet/Sortie_Batiment_C_Collection/Sortie_Batiment_C</localisation>
		<emission_co2>0.030</emission_co2>
	</groupe>
	<groupe>
		<name>O_Cef_boisplaqchaud_imp_ch_annuel</name>
		<localisation>/Sortie_Projet/Sortie_Batiment_C_Collection/Sortie_Batiment_C</localisation>
		<emission_co2>0.024</emission_co2>
	</groupe>
	<groupe>
		<name>O_Cef_boisplaqchaud_imp_ecs_annuel</name>
		<localisation>/Sortie_Projet/Sortie_Batiment_C_Collection/Sortie_Batiment_C</localisation>
		<emission_co2>0.024</emission_co2>
	</groupe>
	<groupe>
		<name>O_Cef_boisbuchpoel_imp_ch_annuel</name>
		<localisation>/Sortie_Projet/Sortie_Batiment_C_Collection/Sortie_Batiment_C</localisation>
		<emission_co2>0.030</emission_co2>
	</groupe>
	<groupe>
		<name>O_Cef_boisbuchpoel_imp_ecs_annuel</name>
		<localisation>/Sortie_Projet/Sortie_Batiment_C_Collection/Sortie_Batiment_C</localisation>
		<emission_co2>0.030</emission_co2>
	</groupe>
	<groupe>
		<name>O_Cef_boisgranpoel_imp_ch_annuel</name>
		<localisation>/Sortie_Projet/Sortie_Batiment_C_Collection/Sortie_Batiment_C</localisation>
		<emission_co2>0.030</emission_co2>
	</groupe>
	<groupe>
		<name>O_Cef_boisgranpoel_imp_ecs_annuel</name>
		<localisation>/Sortie_Projet/Sortie_Batiment_C_Collection/Sortie_Batiment_C</localisation>
		<emission_co2>0.030</emission_co2>
	</groupe>
	<groupe>
		<name>O_Cef_boisplaqpoel_imp_ch_annuel</name>
		<localisation>/Sortie_Projet/Sortie_Batiment_C_Collection/Sortie_Batiment_C</localisation>
		<emission_co2>0.024</emission_co2>
	</groupe>
	<groupe>
		<name>O_Cef_boisplaqpoel_imp_ecs_annuel</name>
		<localisation>/Sortie_Projet/Sortie_Batiment_C_Collection/Sortie_Batiment_C</localisation>
		<emission_co2>0.024</emission_co2>
	</groupe>
	<groupe>
		<name>O_Cef_fioul_imp_annuel</name>
		<localisation>/Sortie_Projet/Sortie_Batiment_C_Collection/Sortie_Batiment_C</localisation>
		<emission_co2>0.000</emission_co2>
	</groupe>
	<groupe>
		<name>O_Cef_fioul_imp_ch_annuel</name>
		<localisation>/Sortie_Projet/Sortie_Batiment_C_Collection/Sortie_Batiment_C</localisation>
		<emission_co2>0.324</emission_co2>
	</groupe>
	<groupe>
		<name>O_Cef_fioul_imp_ecs_annuel</name>
		<localisation>/Sortie_Projet/Sortie_Batiment_C_Collection/Sortie_Batiment_C</localisation>
		<emission_co2>0.324</emission_co2>
	</groupe>
	<groupe>
		<name>O_Cef_reseau_imp_annuel</name>
		<localisation>/Sortie_Projet/Sortie_Batiment_C_Collection/Sortie_Batiment_C</localisation>
		<emission_co2>0.000</emission_co2>
	</groupe>
	<groupe>
		<name>O_Cef_reseau_imp_ch_annuel</name>
		<localisation>/Sortie_Projet/Sortie_Batiment_C_Collection/Sortie_Batiment_C</localisation>
		<emission_co2>0.040</emission_co2>
	</groupe>
	<groupe>
		<name>O_Cef_reseau_imp_fr_annuel</name>
		<localisation>/Sortie_Projet/Sortie_Batiment_C_Collection/Sortie_Batiment_C</localisation>
		<emission_co2>0.043</emission_co2>
	</groupe>
	<groupe>
		<name>O_Cef_reseau_imp_ecs_annuel</name>
		<localisation>/Sortie_Projet/Sortie_Batiment_C_Collection/Sortie_Batiment_C</localisation>
		<emission_co2>0.040</emission_co2>
	</groupe>
	<groupe>
		<name>O_Eef_Prod_PV_annuel</name>
		<localisation>/Sortie_Projet/Sortie_Batiment_C_Collection/Sortie_Batiment_C</localisation>
		<emission_co2>0.000</emission_co2>
	</groupe>
	<groupe>
		<name>O_Eef_Prod_PV_AC_annuel</name>
		<localisation>/Sortie_Projet/Sortie_Batiment_C_Collection/Sortie_Batiment_C</localisation>
		<emission_co2>0.000</emission_co2>
	</groupe>
	<groupe>
		<name>O_Eef_Prod_Coge_annuel</name>
		<localisation>/Sortie_Projet/Sortie_Batiment_C_Collection/Sortie_Batiment_C</localisation>
		<emission_co2>0.000</emission_co2>
	</groupe>
	<groupe>
		<name>O_Eef_Prod_Coge_AC_annuel</name>
		<localisation>/Sortie_Projet/Sortie_Batiment_C_Collection/Sortie_Batiment_C</localisation>
		<emission_co2>0.000</emission_co2>
	</groupe>
	<groupe>
		<name>O_TAC_elec_annuel</name>
		<localisation>/Sortie_Projet/Sortie_Batiment_C_Collection/Sortie_Batiment_C</localisation>
		<emission_co2>0.000</emission_co2>
	</groupe>
	<groupe>
		<name>O_TAC_elec_PV_annuel</name>
		<localisation>/Sortie_Projet/Sortie_Batiment_C_Collection/Sortie_Batiment_C</localisation>
		<emission_co2>0.000</emission_co2>
	</groupe>
	<groupe>
		<name>O_TAC_elec_Coge_annuel</name>
		<localisation>/Sortie_Projet/Sortie_Batiment_C_Collection/Sortie_Batiment_C</localisation>
		<emission_co2>0.000</emission_co2>
	</groupe>
	<groupe>
		<name>O_TAC_Global_coge_annuel</name>
		<localisation>/Sortie_Projet/Sortie_Batiment_C_Collection/Sortie_Batiment_C</localisation>
		<emission_co2>0.000</emission_co2>
	</groupe>
	<groupe>
		<name>O_Eef_Elec_Exportee_annuel</name>
		<localisation>/Sortie_Projet/Sortie_Batiment_C_Collection/Sortie_Batiment_C</localisation>
		<emission_co2>0.000</emission_co2>
	</groupe>
	<groupe>
		<name>O_Mcgeo</name>
		<localisation>/Sortie_Projet/Sortie_Batiment_C_Collection/Sortie_Batiment_C/Sortie_Zone_C_Collection/Sortie_Zone_C/Sortie_Groupe_C_Collection/Sortie_Groupe_C</localisation>
		<emission_co2>0.000</emission_co2>
	</groupe>
	<groupe>
		<name>O_Mccombles</name>
		<localisation>/Sortie_Projet/Sortie_Batiment_C_Collection/Sortie_Batiment_C/Sortie_Zone_C_Collection/Sortie_Zone_C/Sortie_Groupe_C_Collection/Sortie_Groupe_C</localisation>
		<emission_co2>0.000</emission_co2>
	</groupe>
	<groupe>
		<name>O_Mcsurf_moy</name>
		<localisation>/Sortie_Projet/Sortie_Batiment_C_Collection/Sortie_Batiment_C/Sortie_Zone_C_Collection/Sortie_Zone_C/Sortie_Groupe_C_Collection/Sortie_Groupe_C</localisation>
		<emission_co2>0.000</emission_co2>
	</groupe>
	<groupe>
		<name>O_Mcsurf_tot</name>
		<localisation>/Sortie_Projet/Sortie_Batiment_C_Collection/Sortie_Batiment_C/Sortie_Zone_C_Collection/Sortie_Zone_C/Sortie_Groupe_C_Collection/Sortie_Groupe_C</localisation>
		<emission_co2>0.000</emission_co2>
	</groupe>
	<groupe>
		<name>O_Mccat</name>
		<localisation>/Sortie_Projet/Sortie_Batiment_C_Collection/Sortie_Batiment_C/Sortie_Zone_C_Collection/Sortie_Zone_C/Sortie_Groupe_C_Collection/Sortie_Groupe_C</localisation>
		<emission_co2>0.000</emission_co2>
	</groupe>
</root>
