<?xml version="1.0" encoding="UTF-8"?>
<root>
	<group id="paroi">
		<data id="0">Mur exterieur</data>
		<data id="1">Mur contre LNC</data>
		<data id="2">Mur VR</data>
		<data id="3">Plancher sur VS</data>
		<data id="4">Plafond</data>
		<data id="5">Mur de redressement</data>
		<data id="6">Mur joue de lucarne</data>
		<data id="7">Plafond haut de pente</data>
		<data id="8">Plafond bas de pente</data>
		<data id="9">Plafond rampant</data>	
	</group>
	<group id="lineaire">
		<data id="0" type="L8">Jonction plancher bas / facade</data>
		<data id="1" type="L10">Jonction plafond / facade</data>
		<data id="2" type="L8">Jonction plancher bas / LNC</data>
		<data id="3" type="L10">Jonction plafond / LNC</data>
		<data id="4" type="Vitrages">Jonction vitrages</data>
		<data id="5" type="L8">Jonction plancher bas / Refend VS</data>
		<data id="6" type="L9">Jonction plancher intermediaire / facade</data>
		<data id="7" type="Autres">Jonction Angle rentrant</data>
		<data id="8" type="L9">Jonction plancher intermediaire/ LNC</data>
		<data id="9" type="Autres">Jonction LNC / Refend RDC</data>
		<data id="10" type="L10">Plancher intermediaire sous encuvements</data>
		
	</group>
	<group id="baie">
		<data id="0">Porte entrée</data>
		<data id="1">Porte LNC</data>
		<data id="2">Fenetre</data>
		<data id="3">Porte fenetre</data>
		<data id="4">Baie vitree</data>
		<data id="5">Fenetre de toit</data>	
	</group>
</root>