[
	{
		"id": 10,
		"id_type": 2,
		"type": "Fenetre PVC",
		"reference": "FE PVC - 4/16/4 - alu",
		"id_performance": 0,
		"performance": "basse",
		"donnees_technique":{
				"Uap_vert": 1.185,
				"Usp_vert": 1.600,
				"Uap_horiz": 1.223,
				"Usp_horiz": 1.670,
				"Sw1_sp_c": 0.420,
				"Sw2_sp_c": 0.000,
				"Sw3_sp_c": 0.000,
				"Sw1_sp_e": 0.410,
				"Sw2_sp_e": 0.000,
				"Sw3_sp_e": 0.000,
				"Tli_sp": 0.530,
				"Tlid_sp": 0.000,
				"Sw1_ap": 0.000,
				"Sw2_ap": 0.080,
				"Sw3_ap": 0.000,
				"Tli_ap": 0.030,
				"Tlid_ap": 0.000
			}
	},
	{
		"id": 11,
		"id_type": 3,
		"type": "porte-fenetre Alu",
		"reference": "PFE Alu - 4/16/4 - alu",
		"id_performance": 0,
		"performance": "basse",
		"donnees_technique": {	
				"Uap_vert": 1.333,
				"Usp_vert": 1.800,
				"Uap_horiz": 1.376,
				"Usp_horiz": 1.878,
				"Sw1_sp_c": 0.510,
				"Sw2_sp_c": 0.000,
				"Sw3_sp_c": 0.000,
				"Sw1_sp_e": 0.500,
				"Sw2_sp_e": 0.000,
				"Sw3_sp_e": 0.000,
				"Tli_sp": 0.600,
				"Tlid_sp": 0.000,
				"Sw1_ap": 0.000,
				"Sw2_ap": 0.030,
				"Sw3_ap": 0.000,
				"Tli_ap": 0.030,
				"Tlid_ap": 0.000
			}
	},
	{
		"id": 20,
		"id_type": 2,
		"type": "Fenetre PVC",
		"reference": "FE PVC - 4/16/4 - warm-edge",
		"id_performance": 1,
		"performance": "standard",
		"donnees_technique":{	
				"Uap_vert": 1.037,
				"Usp_vert": 1.400,
				"Uap_horiz": 1.070,
				"Usp_horiz": 1.461,
				"Sw1_sp_c": 0.440,
				"Sw2_sp_c": 0.000,
				"Sw3_sp_c": 0.000,
				"Sw1_sp_e": 0.430,
				"Sw2_sp_e": 0.000,
				"Sw3_sp_e": 0.000,
				"Tli_sp": 0.550,
				"Tlid_sp": 0.000,
				"Sw1_ap": 0.000,
				"Sw2_ap": 0.080,
				"Sw3_ap": 0.000,
				"Tli_ap": 0.030,
				"Tlid_ap": 0.000
			}
	},
	{
		"id": 21,
		"id_type": 3,
		"type": "porte-fenetre Alu",
		"reference": "PFE Alu - 4/16/4 - warm-edge",
		"id_performance": 1,
		"performance": "standard",
		"donnees_technique":{
				"Uap_vert": 1.091,
				"Usp_vert": 1.600,
				"Uap_horiz": 1.210,
				"Usp_horiz": 1.670,
				"Sw1_sp_c": 0.530,
				"Sw2_sp_c": 0.000,
				"Sw3_sp_c": 0.000,
				"Sw1_sp_e": 0.520,
				"Sw2_sp_e": 0.000,
				"Sw3_sp_e": 0.000,
				"Tli_sp": 0.620,
				"Tlid_sp": 0.000,
				"Sw1_ap": 0.000,
				"Sw2_ap": 0.030,
				"Sw3_ap": 0.000,
				"Tli_ap": 0.030,
				"Tlid_ap": 0.000
			}
	},
	{
		"id": 30,
		"id_type": 2,
		"type": "Fenetre PVC",
		"reference": "FE PVC - 4/20/4 ECLAZ - TGI spacer",
		"id_performance": 2,
		"performance": "haute",
		"donnees_technique":{	
				"Uap_vert": 0.963,
				"Usp_vert": 1.300,
				"Uap_horiz": 0.994,
				"Usp_horiz": 1.357,
				"Sw1_sp_c": 0.490,
				"Sw2_sp_c": 0.000,
				"Sw3_sp_c": 0.000,
				"Sw1_sp_e": 0.480,
				"Sw2_sp_e": 0.000,
				"Sw3_sp_e": 0.000,
				"Tli_sp": 0.600,
				"Tlid_sp": 0.000,
				"Sw1_ap": 0.000,
				"Sw2_ap": 0.060,
				"Sw3_ap": 0.000,
				"Tli_ap": 0.030,
				"Tlid_ap": 0.000
			}
	},
	{
		"id": 31,
		"id_type": 3,
		"type": "porte-fenetre Alu",
		"reference": "PFE Alu - 4/20/4 ECLAZ - TGI spacer",
		"id_performance": 2,
		"performance": "haute",
		"donnees_technique":{
				"Uap_vert": 1.037,
				"Usp_vert": 1.400,
				"Uap_horiz": 1.070,
				"Usp_horiz": 1.461,
				"Sw1_sp_c": 0.590,
				"Sw2_sp_c": 0.000,
				"Sw3_sp_c": 0.000,
				"Sw1_sp_e": 0.570,
				"Sw2_sp_e": 0.000,
				"Sw3_sp_e": 0.000,
				"Tli_sp": 0.670,
				"Tlid_sp": 0.000,
				"Sw1_ap": 0.000,
				"Sw2_ap": 0.030,
				"Sw3_ap": 0.000,
				"Tli_ap": 0.030,
				"Tlid_ap": 0.000
			}
	},
	{
		"id": 41,
		"id_type": 6,
		"type": "Fenetre de toit",
		"reference" : "78x58 - VR",
		"id_performance" : 1,
		"performance": "basse",
		"donnees_technique" :{
				"Uap_vert": 1.200,
				"Usp_vert": 1.500,
				"Uap_horiz": 1.500,
				"Usp_horiz": 1.900,
				"Sw1_sp_c": 0.340,
				"Sw2_sp_c": 0.060,
				"Sw3_sp_c": 0.000,
				"Sw1_sp_e": 0.340,
				"Sw2_sp_e": 0.060,
				"Sw3_sp_e": 0.000,
				"Tli_sp": 0.480,
				"Tlid_sp": 0.000,
				"Sw1_ap": 0.000,
				"Sw2_ap": 0.040,
				"Sw3_ap": 0.000,
				"Tli_ap": 0.000,
				"Tlid_ap": 0.000
			}
	},
	{
		"id": 42,
		"id_type": 6,
		"type": "Fenetre de toit",
		"reference" : "78x58 - VR",
		"id_performance" : 2,
		"performance": "standard",
		"donnees_technique" :{
				"Uap_vert": 1.200,
				"Usp_vert": 1.400,
				"Uap_horiz": 1.400,
				"Usp_horiz": 1.700,
				"Sw1_sp_c": 0.100,
				"Sw2_sp_c": 0.060,
				"Sw3_sp_c": 0.000,
				"Sw1_sp_e": 0.100,
				"Sw2_sp_e": 0.080,
				"Sw3_sp_e": 0.000,
				"Tli_sp": 0.320,
				"Tlid_sp": 0.000,
				"Sw1_ap": 0.000,
				"Sw2_ap": 0.050,
				"Sw3_ap": 0.000,
				"Tli_ap": 0.000,
				"Tlid_ap": 0.000
			}
	},
	{
		"id": 43,
		"id_type": 6,
		"type": "Fenetre de toit",
		"reference" : "78x58 - VR",
		"id_performance" : 3,
		"performance": "haute",
		"donnees_technique" :{
				"Uap_vert": 0.950,
				"Usp_vert": 1.100,
				"Uap_horiz": 1.200,
				"Usp_horiz": 1.400,
				"Sw1_sp_c": 0.100,
				"Sw2_sp_c": 0.050,
				"Sw3_sp_c": 0.000,
				"Sw1_sp_e": 0.100,
				"Sw2_sp_e": 0.060,
				"Sw3_sp_e": 0.000,
				"Tli_sp": 0.320,
				"Tlid_sp": 0.000,
				"Sw1_ap": 0.000,
				"Sw2_ap": 0.030,
				"Sw3_ap": 0.000,
				"Tli_ap": 0.000,
				"Tlid_ap": 0.000
			}
	},
	{
		"id": 44,
		"id_type": 6,
		"type": "Fenetre de toit",
		"reference" : "78x58 - Store interieur",
		"id_performance" : 4,
		"performance": "basse",
		"donnees_technique" :{
				"Uap_vert": 1.300,
				"Usp_vert": 1.500,
				"Uap_horiz": 1.600,
				"Usp_horiz": 1.900,
				"Sw1_sp_c": 0.340,
				"Sw2_sp_c": 0.060,
				"Sw3_sp_c": 0.000,
				"Sw1_sp_e": 0.340,
				"Sw2_sp_e": 0.060,
				"Sw3_sp_e": 0.000,
				"Tli_sp": 0.480,
				"Tlid_sp": 0.000,
				"Sw1_ap": 0.340,
				"Sw2_ap": 0.060,
				"Sw3_ap": 0.000,
				"Tli_ap": 0.480,
				"Tlid_ap": 0.000
			}
	},
	{
		"id": 45,
		"id_type": 6,
		"type": "Fenetre de toit",
		"reference" : "78x58 - Store interieur",
		"id_performance" : 5,
		"performance": "standard",
		"donnees_technique" :{
				"Uap_vert": 1.200,
				"Usp_vert": 1.400,
				"Uap_horiz": 1.500,
				"Usp_horiz": 1.700,
				"Sw1_sp_c": 0.100,
				"Sw2_sp_c": 0.060,
				"Sw3_sp_c": 0.000,
				"Sw1_sp_e": 0.100,
				"Sw2_sp_e": 0.080,
				"Sw3_sp_e": 0.000,
				"Tli_sp": 0.320,
				"Tlid_sp": 0.000,
				"Sw1_ap": 0.100,
				"Sw2_ap": 0.080,
				"Sw3_ap": 0.000,
				"Tli_ap": 0.320,
				"Tlid_ap": 0.000
			}
	},
	{
		"id": 46,
		"id_type": 6,
		"type": "Fenetre de toit",
		"reference" : "78x58 - Store interieur",
		"id_performance" : 6,
		"performance": "haute",
		"donnees_technique" :{
				"Uap_vert": 0.990,
				"Usp_vert": 1.100,
				"Uap_horiz": 1.200,
				"Usp_horiz": 1.400,
				"Sw1_sp_c": 0.100,
				"Sw2_sp_c": 0.050,
				"Sw3_sp_c": 0.000,
				"Sw1_sp_e": 0.100,
				"Sw2_sp_e": 0.060,
				"Sw3_sp_e": 0.000,
				"Tli_sp": 0.320,
				"Tlid_sp": 0.000,
				"Sw1_ap": 0.100,
				"Sw2_ap": 0.060,
				"Sw3_ap": 0.000,
				"Tli_ap": 0.320,
				"Tlid_ap": 0.000
			}
	},
	{
		"id": 51,
		"id_type": 7,
		"type": "Fenetre de toit",
		"reference" : "55x58 - VR",
		"id_performance" : 1,
		"performance": "basse",
		"donnees_technique" :{
				"Uap_vert": 1.300,
				"Usp_vert": 1.600,
				"Uap_horiz": 1.500,
				"Usp_horiz": 1.900,
				"Sw1_sp_c": 0.300,
				"Sw2_sp_c": 0.060,
				"Sw3_sp_c": 0.000,
				"Sw1_sp_e": 0.300,
				"Sw2_sp_e": 0.060,
				"Sw3_sp_e": 0.000,
				"Tli_sp": 0.420,
				"Tlid_sp": 0.000,
				"Sw1_ap": 0.000,
				"Sw2_ap": 0.050,
				"Sw3_ap": 0.000,
				"Tli_ap": 0.000,
				"Tlid_ap": 0.000
			}
	},
	{
		"id": 52,
		"id_type": 7,
		"type": "Fenetre de toit",
		"reference" : "55x58 - VR",
		"id_performance" : 2,
		"performance": "standard",
		"donnees_technique" : {
				"Uap_vert": 1.200,
				"Usp_vert": 1.500,
				"Uap_horiz": 1.400,
				"Usp_horiz": 1.700,
				"Sw1_sp_c": 0.090,
				"Sw2_sp_c": 0.060,
				"Sw3_sp_c": 0.000,
				"Sw1_sp_e": 0.090,
				"Sw2_sp_e": 0.070,
				"Sw3_sp_e": 0.000,
				"Tli_sp": 0.270,
				"Tlid_sp": 0.000,
				"Sw1_ap": 0.000,
				"Sw2_ap": 0.050,
				"Sw3_ap": 0.000,
				"Tli_ap": 0.000,
				"Tlid_ap": 0.000
			}
	},
	{
		"id": 53,
		"id_type": 7,
		"type": "Fenetre de toit",
		"reference" : "55x58 - VR",
		"id_performance" : 3,
		"performance": "haute",
		"donnees_technique" : {
				"Uap_vert": 0.960,
				"Usp_vert": 1.100,
				"Uap_horiz": 1.100,
				"Usp_horiz": 1.400,
				"Sw1_sp_c": 0.090,
				"Sw2_sp_c": 0.050,
				"Sw3_sp_c": 0.000,
				"Sw1_sp_e": 0.090,
				"Sw2_sp_e": 0.050,
				"Sw3_sp_e": 0.000,
				"Tli_sp": 0.270,
				"Tlid_sp": 0.000,
				"Sw1_ap": 0.000,
				"Sw2_ap": 0.030,
				"Sw3_ap": 0.000,
				"Tli_ap": 0.000,
				"Tlid_ap": 0.000
			}
	},
	{
		"id": 54,
		"id_type": 7,
		"type": "Fenetre de toit",
		"reference" : "55x58 - Store interieur",
		"id_performance" : 4,
		"performance": "basse",
		"donnees_technique" : {
				"Uap_vert": 1.400,
				"Usp_vert": 1.600,
				"Uap_horiz": 1.600,
				"Usp_horiz": 1.900,
				"Sw1_sp_c": 0.300,
				"Sw2_sp_c": 0.060,
				"Sw3_sp_c": 0.000,
				"Sw1_sp_e": 0.300,
				"Sw2_sp_e": 0.060,
				"Sw3_sp_e": 0.000,
				"Tli_sp": 0.420,
				"Tlid_sp": 0.000,
				"Sw1_ap": 0.300,
				"Sw2_ap": 0.060,
				"Sw3_ap": 0.000,
				"Tli_ap": 0.420,
				"Tlid_ap": 0.000
			}
	},
	{
		"id": 55,
		"id_type": 7,
		"type": "Fenetre de toit",
		"reference" : "55x58 - Store interieur",
		"id_performance" : 5,
		"performance": "standard",
		"donnees_technique" : {
				"Uap_vert": 1.300,
				"Usp_vert": 1.500,
				"Uap_horiz": 1.500,
				"Usp_horiz": 1.700,
				"Sw1_sp_c": 0.090,
				"Sw2_sp_c": 0.060,
				"Sw3_sp_c": 0.000,
				"Sw1_sp_e": 0.090,
				"Sw2_sp_e": 0.070,
				"Sw3_sp_e": 0.000,
				"Tli_sp": 0.270,
				"Tlid_sp": 0.000,
				"Sw1_ap": 0.090,
				"Sw2_ap": 0.070,
				"Sw3_ap": 0.000,
				"Tli_ap": 0.270,
				"Tlid_ap": 0.000
			}
	},
	{
		"id": 56,
		"id_type": 7,
		"type": "Fenetre de toit",
		"reference" : "55x58 - Store interieur",
		"id_performance" : 6,
		"performance": "haute",
		"donnees_technique" : {
				"Uap_vert": 0.990,
				"Usp_vert": 1.100,
				"Uap_horiz": 1.200,
				"Usp_horiz": 1.400,
				"Sw1_sp_c": 0.090,
				"Sw2_sp_c": 0.050,
				"Sw3_sp_c": 0.000,
				"Sw1_sp_e": 0.090,
				"Sw2_sp_e": 0.050,
				"Sw3_sp_e": 0.000,
				"Tli_sp": 0.270,
				"Tlid_sp": 0.000,
				"Sw1_ap": 0.090,
				"Sw2_ap": 0.050,
				"Sw3_ap": 0.000,
				"Tli_ap": 0.270,
				"Tlid_ap": 0.000
			}
	},
	{
		"id": 100,
		"id_type": 8,
		"type": "Porte",
		"reference" : "Porte entree defaut",
		"id_performance" : 1,
		"performance": "haute",
		"donnees_technique" : {
				"Uap_vert": 1.200,
				"Usp_vert": 1.200,
				"Uap_horiz": 1.200,
				"Usp_horiz": 1.200,
				"Sw1_sp_c": 0.000,
				"Sw2_sp_c": 0.019,
				"Sw3_sp_c": 0.000,
				"Sw1_sp_e": 0.000,
				"Sw2_sp_e": 0.034,
				"Sw3_sp_e": 0.000,
				"Tli_sp": 0.000,
				"Tlid_sp": 0.000,
				"Sw1_ap": 0.000,
				"Sw2_ap": 0.019,
				"Sw3_ap": 0.000,
				"Tli_ap": 0.000,
				"Tlid_ap": 0.000
			}
	},

]