[
{
	"id": 0,
	"texte": "Sans",
	"valeur": ""
},
{
	"id": 1,
	"texte": "Resistance thermique",
	"valeur": "(m².K)/W"
},
{
	"id": 2,
	"texte": "Coefficient déperditif surfacique",
	"valeur": "W/(m².K)"
},
{
	"id": 3,
	"texte": "Conductivité thermique Lambda",
	"valeur": "W/(m.K)"
},
{
	"id": 4,
	"texte": "Angle",
	"valeur": "°"
},
	{
		"id": 5,
		"texte": "Indice de perméabilité à l’air",
		"valeur": "m³/(h.m²)"
	},
	{
		"id": 6,
		"texte": "mètre",
		"valeur": "m"
	}
]