<?xml version="1.0" encoding="UTF-8"?>
<root>
  <liste>
    <item>definition</item>
    <item>implantation</item>
    <item>paroi</item>
    <item>soubassement</item>
    <item>menuiseries</item>
    <item>planchersbas</item>
    <item>planchersinter</item>
    <item>toiture</item>
    <item>comble</item>
    <item>autres</item>
  </liste>
  <onglets>
      <input tabs="definition" mode="0">radioButton_choixMI0</input>
      <input tabs="definition" mode="0">radioButton_choixMI1</input>
      <input tabs="definition" mode="0">radioButton_choixMI2</input>
      <input tabs="definition" mode="0">radioButton_choixMI3</input>
      <input tabs="definition" mode="0">radioButton_choixMI4</input>
      <input tabs="definition" mode="0">listeboxSysteme</input>
      <input tabs="implantation" mode="0">listeZoneClimatique</input>
      <input tabs="implantation" mode="0">comboBoxAltitude</input>
      <input tabs="implantation" mode="0">listeZoneDeBruit</input>
      <input tabs="implantation" mode="0">textBoxSaisieAngle</input>
      <input tabs="paroi" mode="0">modeParoi</input>
      <input tabs="paroi" mode="0">listeStructure</input>
      <input tabs="paroi" mode="0">listeTypeIsolant</input>
      <input tabs="paroi" mode="0">listeEpaisseurIsolant</input>
      <input tabs="paroi" mode="0">listeCouleurFacade</input>
      <input tabs="paroi" mode="1">valeurRStructure_avance</input>
      <input tabs="paroi" mode="1">valeurCas_avance</input>
      <input tabs="paroi" mode="1">valeurRIsolant_avance</input>    
      <input tabs="soubassement" mode="0">modeSoubassement</input>
      <input tabs="soubassement" mode="0">listeSoubassementStructure</input>
      <input tabs="soubassement" mode="0">checkBoxIsolationRefend</input>
      <input tabs="soubassement" mode="1">textBoxRSoubassement</input>
      <input tabs="soubassement" mode="1">textBoxPsiPlancherBasRefend</input>
      <input tabs="menuiseries" mode="0">listeMenuiseriesPerformance</input>
      <input tabs="menuiseries" mode="0">comboBoxChoixProtectionSolaire</input>
      <input tabs="comble" mode="0">comboBoxChoixPMft</input>
	  <input tabs="comble" mode="0">comboBoxModeGestionFT</input>
	  
	  <input tabs="menuiseries" mode="0">checkBoxHorloge</input>
      <input tabs="menuiseries" mode="0">checkBoxMotorisation</input>
      <input tabs="menuiseries" mode="0">comboBoxModeGestion</input>
      <input tabs="menuiseries" mode="0">listeUCoffretVR</input>
      <input tabs="planchersbas" mode="0">modePlancherBas</input>
      <input tabs="planchersbas" mode="0">listePbTypePlancher</input>
      <input tabs="planchersbas" mode="0">listePbComplementSur</input>
      <input tabs="planchersbas" mode="0">listePbRevetementSol</input>
      <input tabs="planchersbas" mode="0">listePbJonctionFacade</input>
      <input tabs="planchersbas" mode="1">textbox_UplancherBas_avance</input>
      <input tabs="planchersbas" mode="1">textbox_Psil_PB_Facade</input>
      <input tabs="planchersinter" mode="0">modePlancherInter</input>
      <input tabs="planchersinter" mode="0">comboBox_PI_TypePlancher</input>
      <input tabs="planchersinter" mode="0">comboBox_PI_EpaisseurPlancher</input>
      <input tabs="planchersinter" mode="0">comboBox_PI_RevetementSol</input>
      <input tabs="planchersinter" mode="0">comboBox_PI_JonctionPlancherFacade</input>
      <input tabs="planchersinter" mode="0">checkBox_PI_IsolationPeripheriqueFxPlafond</input>
      <input tabs="planchersinter" mode="1">textBoxPsilPlancherIntermediaire</input>
      <input tabs="toiture" mode="0">modeToiture</input>
      <input tabs="toiture" mode="0">listePhTypeIsolant</input>
      <input tabs="toiture" mode="0">listePhRIsolant</input>
      <input tabs="toiture" mode="1">textbox_RToiture_avance</input>
      <input tabs="toiture" mode="1">textbox_PsiPlancherHautFacade_avance</input>
      <input tabs="autres" mode="0">listeParametresPermeabilitéAir</input>
      <input tabs="autres" mode="0">listeParametresTypeCloisonsInterieures</input>
  </onglets>
  <resultats>
  </resultats>
</root>