﻿<?xml version="1.0" encoding="UTF-8"?>
<root>
  <general>
    <date></date>
    <description></description>
    <bbclic_version></bbclic_version>
  </general>
  <configuration>
    <typologie>
      <radioButton_choixMI0></radioButton_choixMI0>
      <radioButton_choixMI1></radioButton_choixMI1>
      <radioButton_choixMI2></radioButton_choixMI2>
      <radioButton_choixMI3></radioButton_choixMI3>
      <radioButton_choixMI4></radioButton_choixMI4>
      <listeboxSysteme></listeboxSysteme>
      <listeZoneClimatique></listeZoneClimatique>
      <comboBoxAltitude></comboBoxAltitude>
      <listeZoneDeBruit></listeZoneDeBruit>
      <textBoxSaisieAngle></textBoxSaisieAngle>
    </typologie>
    <parois>
      <modeParoi></modeParoi>
      <modeSoubassement></modeSoubassement>
      <listeStructure></listeStructure>
      <listeTypeIsolant></listeTypeIsolant>
      <listeEpaisseurIsolant></listeEpaisseurIsolant>
      <listeCouleurFacade></listeCouleurFacade>
      <listeSoubassementStructure></listeSoubassementStructure>
      <checkBoxIsolationRefend></checkBoxIsolationRefend>
      <valeurRStructure_avance></valeurRStructure_avance>
      <valeurCas_avance></valeurCas_avance>
      <valeurRIsolant_avance></valeurRIsolant_avance>
      <textBoxRSoubassement></textBoxRSoubassement>
      <textBoxPsiPlancherBasRefend></textBoxPsiPlancherBasRefend>
    </parois>
    <menuiseries>
      <comboBoxChoixPMft></comboBoxChoixPMft>
      <checkBoxHorloge></checkBoxHorloge>
      <checkBoxMotorisation></checkBoxMotorisation>
      <comboBoxModeGestion></comboBoxModeGestion>
      <listeMenuiseriesPerformance></listeMenuiseriesPerformance>
      <comboBoxChoixProtectionSolaire></comboBoxChoixProtectionSolaire>
      <listeUCoffretVR></listeUCoffretVR>
    </menuiseries>
    <planchers>
      <modePlancherBas></modePlancherBas>
      <listePbRevetementSol></listePbRevetementSol>
      <listePbJonctionFacade></listePbJonctionFacade>
      <listePbComplementSur></listePbComplementSur>
      <listePbTypePlancher></listePbTypePlancher>
      <textbox_UplancherBas_avance></textbox_UplancherBas_avance>
      <textbox_Psil_PB_Facade></textbox_Psil_PB_Facade>
      <modePlancherInter></modePlancherInter>
      <checkBox_PI_IsolationPeripheriqueFxPlafond></checkBox_PI_IsolationPeripheriqueFxPlafond>
      <comboBox_PI_JonctionPlancherFacade></comboBox_PI_JonctionPlancherFacade>
      <comboBox_PI_RevetementSol></comboBox_PI_RevetementSol>
      <comboBox_PI_EpaisseurPlancher></comboBox_PI_EpaisseurPlancher>
      <comboBox_PI_TypePlancher></comboBox_PI_TypePlancher>
      <textBoxPsilPlancherIntermediaire></textBoxPsilPlancherIntermediaire>
    </planchers>
    <toitures>
      <modeToiture></modeToiture>
      <listePhTypeIsolant></listePhTypeIsolant>
      <listePhRIsolant></listePhRIsolant>
      <textbox_RToiture_avance></textbox_RToiture_avance>
      <textbox_PsiPlancherHautFacade_avance></textbox_PsiPlancherHautFacade_avance>
    </toitures>
    <autres>
      <listeParametresPermeabilitéAir></listeParametresPermeabilitéAir>
      <listeParametresTypeCloisonsInterieures></listeParametresTypeCloisonsInterieures>
    </autres>
  </configuration>
</root>